"quotationId","sourceSheet","workType","workTypeCode","area","areaCode","workScopeCode","name","canonicalScopeId","canonicalScope","groupName","description","unit","quantity","unitRate","amount","remark","makes"
"rinki_2024_11_04","final","Dismantling and Debris","1",,,"A","Dismantling and debris of existing partition Walls and site cleaning","dismantling_partitions","Dismantling existing partitions and site cleaning",,"as/Site Visit","lumpsum","1","15000","15000","",""
"rinki_2024_11_04","final","Civil Work","2",,,"A","PCC for tile levelling","pcc_levelling","PCC / screed for floor levelling",,"providing 1:4 (cement : sand) 100mm thick mortar for existing floor leveling and smooth surface","lumpsum","1","300000","300000","",""
"rinki_2024_11_04","final","Civil Work","2",,,"B","Brick Work For Toilets And Pantry and cafeteria","brick_work","Brick work for toilets, pantry and cafeteria",,"providing first class brick work with 4.5 and 9"" thick with rough plaster finish for Tile work. (as/drawing) also providing ledge wall for Wall Hung WC Cistern","",,,,"",""
"rinki_2024_11_04","final","Civil Work","2",,,"C","RCC Lintel Beam","rcc_lintel","RCC lintel beam",,"providing RCC Lintel Beam For Door Support at +8' lvl","",,,,"",""
"rinki_2024_11_04","final","Civil Work","2",,,"D","plaster work","plaster_work","Cement plaster",,"providing 1:4 (cement : sand) 12mm thick plaster on existing wall (as/site)","",,,,"",""
"rinki_2024_11_04","final","Civil Work","2",,,"E","Raised Floor For Server Room","raised_floor","Raised PCC floor",,"100mm high PCC floor for raised plateform for 75mm pipes for water line","",,,,"",""
"rinki_2024_11_04","final","Flooring","3",,,"A","Floor Tiles Tile Cost - up to 40 TO 60- sqft.","vitrified_floor_tiles","Vitrified floor tiles",,"Providing Fixing of (4' x 2' , 8"" x 4', 2' X 2' ) vitrified Tile with labour and required fixing material. As/3D theme and design Make - Kajaria,Somani, Varmoura,Granicer same as other","sqft","4000","120","480000","","Kajaria; Somani; Varmora; Granicer"
"rinki_2024_11_04","final","Partition and Glass","4",,,"A","75mm thick Gypsum Partition","gypsum_partition","Gypsum partition",,"providing and fixing of gypsum partition (50mm x 50 mm GI section with both side 12mm gypsum board with joint plaster)","sqft","2500","140","350000","",""
"rinki_2024_11_04","final","Partition and Glass","4",,,"B","12mm thick toughened glass Door","glass_door","Toughened glass door",,"Make- gold plus,modi same as other","pcs","13","20000","260000","","Modi; Gold Plus"
"rinki_2024_11_04","final","Partition and Glass","4",,,"C","Providing and fixing flush door with laminate finish required with fittings","flush_door","Flush door with laminate finish",,"","pcs","3","8500","25500","",""
"rinki_2024_11_04","final","Partition and Glass","4",,,"D","12mm thick toughened glass partition fixing with C profile section in floor and gypsum (as/layout) (up to 7' high from floor finish lvl)","glass_partition","Toughened glass partition",,"12mm thick toughened Glass partition with Required Fittings (Make - saint Gobain,Modi same as other) note - existing front glass will remain same","sqft","800","400","320000","","Saint Gobain; Modi"
"rinki_2024_11_04","final","Toilet and Wet Areas","5","Director Cabin","5","A","Floor and Wall Tiles","toilet_tiles","Toilet floor and wall tiles",,"Providing Fixing of (2'x2', 12""x18"", 12""x12"" ) vitrified Tile with labour and required fixing material. (Make - Somani,Kajaria,vamoura,same as other brand)","pcs","300","120","36000","","Kajaria; Somani"
"rinki_2024_11_04","final","Toilet and Wet Areas","5","Director Cabin","5","B","Fixtures for toilet","toilet_fixtures","Toilet fixtures set",,"1. Wall mounted WC (jaquar) with cistern + flush plate (GROHE GD- 2) 2. Table top basin with diverter (MAKE - JAQUAR / SOMAY/HINDWARE 3. wall mirror with light 4. Vanity with granite top with below storage 5. health Faucet 6. toilet paper Holder (Stainless steel heavy duty)","pcs","1","45000","45000","","Jaquar; Grohe; Hindware"
"rinki_2024_11_04","final","Toilet and Wet Areas","5","Director Cabin","5","C","New Bathroom's pvc installation fittings + labour charges with required items.","toilet_plumbing","Bathroom PVC plumbing installation",,"providing fitting and fixing of new pvc pipeline fittings for bathroom fixtures with required items. MAKE - Prince/ Prakash/Finolex same as other","pcs","1","30000","30000","","Prince; Prakash; Finolex"
"rinki_2024_11_04","final","Suspended Ceiling","6",,,"A","GYPSUM ceiling with cove designs (as/design)","gypsum_ceiling","Gypsum ceiling",,"providing and fixing of Gypsum Board ceiling with required ISI GI channel cevered with 12mm thick gypsum board with required fittings.","sqft","3250","125","406250","",""
"rinki_2024_11_04","final","Electrical Works","7",,,"A","ELECTRICAL WORKS FOR COMPLETE OFFICE (as/drawing and 3D design)","electrical_complete","Electrical works for complete area",,"providing fitting and Fixing of False ceiling's wiring,pvc conduiting, switch Board, LED Strips for cove and recessed light for false ceiling, MCB, Distribution Board, 2 - 3 electrical point on work + 4 electrical points in cabin + COVE LIGHT , Cove Strip, other required work (Excluding items from our scope - Fan, Geyser,R.O.,chandelier, earthing's wiring ) Make - polycab for wiring + Anchor Penta for switches and board + Crompton/philips For concealed Ceiling Light .","sqft","3200","200","640000","","Polycab; Anchor; Crompton; Philips"
"rinki_2024_11_04","final","Paint Works","8",,,"A","Walls + Partition And Ceiling's Paint work for complete office area with required putty work","paint_complete","Paint work for walls, partitions and ceiling",,"MAKE - emulsion shine","sqft","8500","30","250000","",""
"rinki_2024_11_04","final","Furniture","9","Reception","9A","A","waiting area sofa set","waiting_sofa","Waiting / lounge sofa",,"as/selection","seat","4","8000","32000","",""
"rinki_2024_11_04","final","Furniture","9","Reception","9A","B","2 seater sofa","waiting_sofa","Waiting / lounge sofa",,"as/selection","seat","2","10000","20000","",""
"rinki_2024_11_04","final","Furniture","9","Reception","9A","D","Reception counter","reception_counter","Reception counter / table",,"as/selection","pcs","1","35000","35000","",""
"rinki_2024_11_04","final","Furniture","9","Reception","9A","E","Reception chair","reception_chair","Reception chair",,"as/selection","pcs","1","7500","7500","",""
"rinki_2024_11_04","final","Furniture","9","Meeting Room","9B","A","meeting's table with laminate finish","meeting_table","Meeting table",,"made of powder coated MS frame(base structure) with PLPB (prelaminated particle board) finish with laminate(as/selection).","pcs","1","24000","24000","",""
"rinki_2024_11_04","final","Furniture","9","Meeting Room","9B","B","meeting table's chairs","meeting_chair","Meeting chair",,"up to 5000/- per seat","pcs","6","5000","30000","",""
"rinki_2024_11_04","final","Furniture","9","Pantry","9C","A","wooden storage below the pantry's slab","below_storage","Wooden storage below counter",,"Made of 19mm thick ply/blockboard/with laminate finish both side with required fittings (SIZE - 6' wide x 3' high x 2' Depth)","sqft","18","1000","18000","",""
"rinki_2024_11_04","final","Furniture","9","Pantry","9C","A","over head storage above the pantry's slab","overhead_storage","Overhead storage",,"Made of 19mm thick ply/blockboard/ with laminate finish both side with required fittings (SIZE - 6' wide x 3' high x 1' Depth)","sqft","18","1000","18000","",""
"rinki_2024_11_04","final","Furniture","9","Pantry","9C","B","granite top","granite_top","Granite counter top",,"19mm thick granite top (single takkar)with required fixing labour and material. Granite base rate - 150/- sq ft","sqft","15","300","4500","",""
"rinki_2024_11_04","final","Furniture","9","Pantry","9C","C","pantry wall tile above slab (2' high) to upper head storage","pantry_wall_tile","Pantry wall tiles",,"Providing Fixing of (2'x2', 12""x18"", 12""x12"" ) vitrified Tile with labour and required fixing material. (Make - Somani,Kajaria,vamoura,Gujrati same as other brand)","sqft","100","120","12000","","Kajaria; Somani"
"rinki_2024_11_04","final","Furniture","9","Pantry","9C","D","sink + mixture and required plumbing installation labour and their material","sink_mixer","Sink, mixer and plumbing",,"sink cost - up to 5000/- wall mixture - up to 3000/-","lumpsum","1","12000","12000","",""
"rinki_2024_11_04","final","Furniture","9","Cafeteria","9D","A","wooden storage below the sink's granite counter","below_storage","Wooden storage below counter",,"Made of 19mm thick ply/blockboard with laminate finish both side with required fittings (SIZE - 6' wide x 3' high x 2' Depth)","sqft","36","1000","36000","",""
"rinki_2024_11_04","final","Furniture","9","Cafeteria","9D","B","granite top for 2 slab","granite_top","Granite counter top",,"19mm thick granite top (single takkar)with required fixing labour and material. Granite base rate - 150/- sq ft","sqft","50","300","15000","",""
"rinki_2024_11_04","final","Furniture","9","Cafeteria","9D","C","pantry wall tile above slab (2' high) to upper head storage","pantry_wall_tile","Pantry wall tiles",,"Providing Fixing of (2'x2', 12""x18"", 12""x12"" ) vitrified Tile with labour and required fixing material. (Make - Somani,Kajaria,vamoura,same as other brand)","sqft","150","150","22500","","Kajaria; Somani"
"rinki_2024_11_04","final","Furniture","9","Cafeteria","9D","D","sink + mixture and required plumbing installation labour and their material","sink_mixer","Sink, mixer and plumbing",,"sink cost - up to 5000/- wall mixture - up to 3000/-","lumpsum","1","20000","20000","",""
"rinki_2024_11_04","final","Furniture","9","Workstation Area","9E","A","workstation's table with laminate finish top","workstation","Workstation",,"made of powder coated MS frame structure (internal) with 25mm thick PLPB laminate finish (as/selection)","pcs","53","6000","318000","",""
"rinki_2024_11_04","final","Furniture","9","Workstation Area","9E","B","workstation's chair","office_chair","Office / workstation chair",,"up to 4500/- per seat (mesh Design)","pcs","53","4500","238500","",""
"rinki_2024_11_04","final","Furniture","9","Workstation Area","9E","D","low height division storage","low_height_division_storage","low height division storage",,"structure made of MS and box made of PLPB.","pcs","6","12000","72000","",""
"rinki_2024_11_04","final","Furniture","9","Workstation Area","9E","E","2 sofa seat for informal area","2_sofa_seat_for_informal_area","2 sofa seat for informal area",,"as/selection","pcs","2","8000","16000","",""
"rinki_2024_11_04","final","Furniture","9","Cabin","9G","A","boss's table + side table storage","side_table","Side table",,"made of powder coated MS frame(internal) with 50mm thick PLPB laminted top","pcs","3","27500","82500","",""
"rinki_2024_11_04","final","Furniture","9","Cabin","9G","B","Cabin's head chair","cabin_chair","Cabin / director chair",,"up to 7500/- per seat","pcs","3","7500","22500","",""
"rinki_2024_11_04","final","Furniture","9","Cabin","9G","C","Cabin's visitor chair","visitor_chair","Visitor chair",,"up to 4500/- per seat","pcs","6","4500","27000","23'(L)x13'(W)=299",""
"rinki_2024_11_04","final","Furniture","9","Cabin","9H","A","workstation's table with laminate finish top","workstation","Workstation",,"made of powder coated MS frame(internal) with 50mm thick PLPB laminted top","pcs","6","6000","36000","",""
"rinki_2024_11_04","final","Furniture","9","Cabin","9H","B","workstation's chair","office_chair","Office / workstation chair",,"up to 4500/- per seat","pcs","6","4000","24000","",""
"rinki_2024_11_04","final","Furniture","9","Executive Director Cabin","9I","A","cabin's table with laminate finish top","cabin_s_table_with_laminate_finish_top","cabin's table with laminate finish top",,"made of powder coated MS frame(internal) with 50mm thick PLPB laminted top","pcs","1","22500","22500","",""
"rinki_2024_11_04","final","Furniture","9","Executive Director Cabin","9I","B","Low height storage","low_height_storage","Low height storage",,"made of powder coated MS frame(internal) with PLPB finish two drawer + one shutter below","pcs","1","7500","7500","23'(L)x13'(W)=300",""
"rinki_2024_11_04","final","Furniture","9","Executive Director Cabin","9I","C","Director's chair","cabin_chair","Cabin / director chair",,"_","pcs","1","7500","7500","",""
"rinki_2024_11_04","final","Furniture","9","Executive Director Cabin","9I","D","visitor chair","visitor_chair","Visitor chair",,"_","pcs","3","4000","12000","23'(L)x13'(W)=299",""
"rinki_2024_11_04","final","Furniture","9","Executive Director Cabin","9I","E","sofa set","waiting_sofa","Waiting / lounge sofa",,"as/selection","pcs","2","8000","16000","23'(L)x13'(W)=300",""
"rinki_2024_11_04","final","Furniture","9","Director Cabin","9J","A","cabin's table with laminate finish top","cabin_s_table_with_laminate_finish_top","cabin's table with laminate finish top",,"made of powder coated MS frame(internal) with 50mm thick PLPB laminted top","pcs","1","42000","42000","",""
"rinki_2024_11_04","final","Furniture","9","Director Cabin","9J","B","Low height storage","low_height_storage","Low height storage",,"made of powder coated MS frame(internal) with PLPB finish two drawer + one shutter below","pcs","1","10000","10000","23'(L)x13'(W)=300",""
"rinki_2024_11_04","final","Furniture","9","Director Cabin","9J","C","Director's chair","cabin_chair","Cabin / director chair",,"as/design Selection","pcs","1","7500","7500","",""
"rinki_2024_11_04","final","Furniture","9","Director Cabin","9J","D","visitor chair","visitor_chair","Visitor chair",,"as/design Selection","pcs","3","4000","12000","23'(L)x13'(W)=299",""
"rinki_2024_11_04","final","Furniture","9","Director Cabin","9J","E","sofa set","waiting_sofa","Waiting / lounge sofa",,"as/design Selection","pcs","3","8000","24000","23'(L)x13'(W)=300",""
"rinki_2024_11_04","final","Furniture","9","Director Cabin","9J","F","Coffee table","coffee_table","Coffee table",,"as/design","pcs","2","7500","15000","",""
"rinki_2024_11_04","final","Furniture","9","Director Cabin","9J","G","Table's Back Wall Storage","wall_storage","Wall storage",,"as/design","sqft","40","800","32000","",""
"rinki_2024_11_04","final","Furniture","9","Director Cabin","9K","A","Director's table with laminate finish top","director_table","Director / MD table",,"made of powder coated MS frame(internal) with 50mm thick PLPB laminted top","pcs","1","42000","42000","",""
"rinki_2024_11_04","final","Furniture","9","Director Cabin","9K","B","Low height storage","low_height_storage","Low height storage",,"made of powder coated MS frame(internal) with PLPB finish two drawer + one shutter below","pcs","1","7500","7500","23'(L)x13'(W)=300",""
"rinki_2024_11_04","final","Furniture","9","Director Cabin","9K","C","Director's chair","cabin_chair","Cabin / director chair",,"_","pcs","1","7500","7500","",""
"rinki_2024_11_04","final","Furniture","9","Director Cabin","9K","D","visitor chair","visitor_chair","Visitor chair",,"_","pcs","3","4000","12000","23'(L)x13'(W)=299",""
"rinki_2024_11_04","final","Furniture","9","Director Cabin","9K","E","sofa set","waiting_sofa","Waiting / lounge sofa",,"as/design","pcs","3","8000","24000","23'(L)x13'(W)=300",""
"rinki_2024_11_04","final","Furniture","9","Director Cabin","9K","F","Coffee table","coffee_table","Coffee table",,"as/design","pcs","2","8000","16000","",""
"rinki_2024_11_04","final","Furniture","9","Director Cabin","9K","G","2 seater sofa","waiting_sofa","Waiting / lounge sofa",,"as/design","sqft","2","8000","16000","",""
"rinki_2024_11_04","final","Furniture","9","Director Cabin","9K","H","Wall Storage","wall_storage","Wall storage",,"as/design","sqft","32","1000","32000","",""
"rinki_2024_11_04","final","Furniture","9","Director Cabin","9K","I","trap door for AHU Unit","trap_door","Trap door for AHU",,"","pcs","2","6000","12000","",""
"rinki_2024_11_04","final","HVAC","12",,,"A","2 AIR HANDLING UNITS (AHU) 5000 CFM DS 4RD 50mm STATIC :- Make - (Carrier/Saleriya/web/ZECO/edgtech) Supply, testing, of double skin air handling unit Casing of air handling unit shall be in double skin construction, inner skin Shall be construction out of 24 gauge plain GS sheet& outer skin in 24 gauge pre-plasticized GS sheet sand witched between 25mm thick Injected PU foam insulation of density not less than 40 kg/Cum and Inspection door, fan section complete with forward curved type centrifugal Fan, and 3 phase squirrel cage induction motor with belt drive drive packag,Coil section with multi row deep chilled and aluminum fins contraction having wall thickness of tubes not less 0.4 mm face velocity across cooling coil shall not exceed 500 FPM, filter section complete with 50 mm thick Washable synthetic fiber filter.","ahu_supply","AHU supply and installation",,"","sqft","3200","325","1040000","","Carrier; Zeco"
"rinki_2024_11_04","final","HVAC","12",,,"B","2 CHILLED WATER PIPING : MAKE - (jindal) Suppling,installation,testing and commissioning of M S heavy C -class piping Insulation with closed cell insulation of 25 mm thick 32mm 3. Y-STRAINER FOR AHUs PIPE LINE : MAKE - (sant/flowell) Supply,installction,testing and commissioning of following ‘Y strainers for Air handling units 32mm 4. Suppling,installing,testing and commissioning of following Ball valves one With Y strainers and other without strainer for AHU Pipe line in let and out let 15mm dia 5. DUCTWORK/AIR TERMINALS : MAKE - (jindal/sail) Supply, fabrication, installation, and testing of sheet metal ducts complete. Hanging arrangement including check nuts in Accordance with the approved shop drawing and specifications etc. 0.63mm (24gauge) GSS 7 Supply & fixing of :- Diffuser with damper (300x300) 8 INSULACTION :- 6 mm Naital rubber (Aflex/accoflex) 9 FLEXIBLE CANVASS CONNECTION:- Supply, installation and testing of 125 MM deep ant vibration flexible Joint at the outlet of packaged unites 10 AHU machine motor starter panel 11 AHU machine installation charge 12 AHU machine transportation and lifting charge","ahu_supply","AHU supply and installation",,"","",,,,"","Jindal"
"rinki_2024_11_04","final","Fire Fighting","13",,,"A","Providing laying, jointly and testing of Heavy grade MS Pipe ISI Marked 1239 with special accessories such as tees, elbows, nut and bolts with welded joints including cutting & making iron clamps, bracket with metal fastener and painting with 2 Coats of synthetic paint etc. complete as required pipes. - 65 MM DIA","ms_pipe","MS heavy grade fire pipe","Providing laying, jointly and testing of Heavy grade MS Pipe ISI Marked 1239 with special accessories such as tees, elbows, nut and bolts with welded joints including cutting & making iron clamps, bracket with metal fastener and painting with 2 Coats of synthetic paint etc. complete as required pipes.","","mtr","6","1315","7890","",""
"rinki_2024_11_04","final","Fire Fighting","13",,,"B","Providing laying, jointly and testing of Heavy grade MS Pipe ISI Marked 1239 with special accessories such as tees, elbows, nut and bolts with welded joints including cutting & making iron clamps, bracket with metal fastener and painting with 2 Coats of synthetic paint etc. complete as required pipes. - 50 MM DIA","ms_pipe","MS heavy grade fire pipe","Providing laying, jointly and testing of Heavy grade MS Pipe ISI Marked 1239 with special accessories such as tees, elbows, nut and bolts with welded joints including cutting & making iron clamps, bracket with metal fastener and painting with 2 Coats of synthetic paint etc. complete as required pipes.","","mtr","12","825","9900","",""
"rinki_2024_11_04","final","Fire Fighting","13",,,"C","Providing laying, jointly and testing of Heavy grade MS Pipe ISI Marked 1239 with special accessories such as tees, elbows, nut and bolts with welded joints including cutting & making iron clamps, bracket with metal fastener and painting with 2 Coats of synthetic paint etc. complete as required pipes. - 25 MM DIA","ms_pipe","MS heavy grade fire pipe","Providing laying, jointly and testing of Heavy grade MS Pipe ISI Marked 1239 with special accessories such as tees, elbows, nut and bolts with welded joints including cutting & making iron clamps, bracket with metal fastener and painting with 2 Coats of synthetic paint etc. complete as required pipes.","","mtr","48","525","25200","",""
"rinki_2024_11_04","final","Fire Fighting","13",,,"9","MS door frame 1200x2100 door capable of accommodating fire hose reel, landing valve, hose pipes, fittings & accessories. The door shall have a front glass with lock and key arrangement & shall be painted with post office red colour (approval shall be taken on the basis of submitted sample before ordering) Cost of fire extinguishers not included in item rate. (Liasioing with civil contractor for making 1200x600x2100 Recessed type mansoary box (by civil contractor).","fire_extinguisher","Fire extinguisher","Providing laying, jointly and testing of Heavy grade MS Pipe ISI Marked 1239 with special accessories such as tees, elbows, nut and bolts with welded joints including cutting & making iron clamps, bracket with metal fastener and painting with 2 Coats of synthetic paint etc. complete as required pipes.","Each","5","11500","57500","661250000","",""
"rinki_2024_11_04","final","Fire Fighting","13",,,"A","Providing & fixing cast iron Butterfly Valve Complete with MS flange nuts and bolts rubber insertion as required ISI make. (Make : Kartar/ Zoloto). - 65mm bore","butterfly_valve","Cast iron butterfly valve","Providing & fixing cast iron Butterfly Valve Complete with MS flange nuts and bolts rubber insertion as required ISI make. (Make : Kartar/ Zoloto).","","pcs","1","3725","3725","",""
"rinki_2024_11_04","final","Fire Fighting","13",,,"13C","P/F S.S Flexable Pipe 1000mm For Sprinklers Pipe Adjust Ceiling Lable as Per Direction with Accessories Complete in all respect.","downward_sprinkler","Ceiling downward flexible sprinkler","Providing & fixing cast iron Butterfly Valve Complete with MS flange nuts and bolts rubber insertion as required ISI make. (Make : Kartar/ Zoloto).","","pcs","18","2695","48510","",""
"rinki_2024_11_04","final","Fire Fighting","13",,,"17","Providing & fixing mechanical foam type fire extinguisher 9 ltrs. (ISI marked. (Make: Guarsd / Safe Guards/ Life Guards/ Lightex/ Superex/ Safex).","fire_extinguisher","Fire extinguisher","Providing & fixing cast iron Butterfly Valve Complete with MS flange nuts and bolts rubber insertion as required ISI make. (Make : Kartar/ Zoloto).","EACH","pcs","2875",,,"",""
"rinki_2024_11_04","final","Fire Fighting","13",,,"18","Providing & fixing of water pressure gas type fire extinguishers of 6 ltr. Capacity complete with initial charges and ISI Marked. (Make: Guarsd / Safe Guards/ Life Guards/ Lightex/ Superex/ Safex).","fire_extinguisher","Fire extinguisher","Providing & fixing cast iron Butterfly Valve Complete with MS flange nuts and bolts rubber insertion as required ISI make. (Make : Kartar/ Zoloto).","EACH","pcs","2475",,,"",""
"rinki_2024_11_04","final","Fire Fighting","13",,,"25","P/F Terraces Pump Panel 16 Gauge Complete in all respect.","p_f_terraces_pump_panel_16_gauge_complete_in_all","P/F Terraces Pump Panel 16 Gauge Complete in all respect.","Providing & fixing cast iron Butterfly Valve Complete with MS flange nuts and bolts rubber insertion as required ISI make. (Make : Kartar/ Zoloto).","SET.","pcs","12500",,,"",""
"rinki_2024_11_04","final","Fire Fighting","13",,,"26","Providing, laying, testing and commissioning of MS heavy Grade ERW pipes for underground applications confirming to IS: 1239 / IS : 3589 with necessary flanges and fittings such as elbows and as elbows and tees with a primer coat along with wrapping and coating of pipe PYPCOYE 4 mm thick conforming to IS:10221. If required excavation all the type soils refilling the trenches to same finish. Holidays test shall be curried out to check for proper workmanship on the laying of all underground piping.(MAKE ; PIPE COATE)","providing_laying_testing_and_commissioning_of_ms","Providing, laying, testing and commissioning of MS heavy Grade ERW pipes for und","Providing & fixing cast iron Butterfly Valve Complete with MS flange nuts and bolts rubber insertion as required ISI make. (Make : Kartar/ Zoloto).","","pcs",,,,"",""
"rinki_2024_11_04","final","Fire Fighting","13",,,"13D","Providing & Fixing 15 mm dia gun metal (Pendent Type) sprinkle head with quartz bulb complete with all respect","upside_sprinkler","Upright sprinkler","Providing & fixing cast iron Butterfly Valve Complete with MS flange nuts and bolts rubber insertion as required ISI make. (Make : Kartar/ Zoloto).","","pcs","25","700","17500","",""
"rinki_2024_11_04","final","Fire Fighting","13",,,"23","Providing testing and commissioning of the installation control valve including with following fittings, (Make : Kirloskar).","providing_testing_and_commissioning_of_the_insta","Providing testing and commissioning of the installation control valve including","Providing & fixing cast iron Butterfly Valve Complete with MS flange nuts and bolts rubber insertion as required ISI make. (Make : Kartar/ Zoloto).","","pcs","25","15625","390625","","Kirloskar"
"rinki_2024_11_04","final","Fire Fighting","13",,,"23","Providing & fixing double flanged flexicon expansion joint with unit control of standard length as per maufacturers specs tested to a pressure of 20Kg/Sqcm including rubber gaskets, flanges, nuts, bolts and washers complete as required.","providing_fixing_double_flanged_flexicon_expansi","Providing & fixing double flanged flexicon expansion joint with unit control of","Providing & fixing cast iron Butterfly Valve Complete with MS flange nuts and bolts rubber insertion as required ISI make. (Make : Kartar/ Zoloto).","","pcs","25","15625","390625","",""
"rinki_2024_11_04","final","Fire Fighting","13",,,"32","Providing, fixing, testing & commissioning of MS air cushion tank on top of each riser fabricated from 8mm thick MS plate,250 mm in diameter and 1.2 m in height with dished ends fabricated from 10mm thick MS sheet,2coats of synthetic enamel paint over a coat of primer with Air release valve with stop cock, flanged inlet connection and drain arrangement with 25mm dia valve, pressure guage with gun metal stop cock complete with all accessories as required.","ms_pipe","MS heavy grade fire pipe","Providing & fixing cast iron Butterfly Valve Complete with MS flange nuts and bolts rubber insertion as required ISI make. (Make : Kartar/ Zoloto).","Each","pcs","25","15625","390625","",""
"rinki_2024_11_04","final","Fire Fighting","13",,,"32","Providing & Fixing Nipple Down Complete in all respect.","providing_fixing_nipple_down_complete_in_all_res","Providing & Fixing Nipple Down Complete in all respect.","Providing & fixing cast iron Butterfly Valve Complete with MS flange nuts and bolts rubber insertion as required ISI make. (Make : Kartar/ Zoloto).","","pcs","25","15625","390625","",""
"rinki_2024_11_04","final","Fire Fighting","13",,,"37","Providing & Fixing of installation control valve with turbine type automatic Alarm Gong to be connected with control valve, drain & test valve all flanged connections as per manufacturer's specifications complete. (Make : Kirloskar)","providing_fixing_of_installation_control_valve_w","Providing & Fixing of installation control valve with turbine type automatic Ala","Providing & fixing cast iron Butterfly Valve Complete with MS flange nuts and bolts rubber insertion as required ISI make. (Make : Kartar/ Zoloto).","","pcs","25","15625","390625","","Kirloskar"
"rinki_2024_11_04","final","Fire Fighting","13",,,"22","Providing and fixing inspectors test assembly complete with test valve, sight glass sectional drain valve, union with corrosion resistant orifice all complete strictly as per drawing. (Make: Zoloto)","providing_and_fixing_inspectors_test_assembly_co","Providing and fixing inspectors test assembly complete with test valve, sight gl","Providing & fixing cast iron Butterfly Valve Complete with MS flange nuts and bolts rubber insertion as required ISI make. (Make : Kartar/ Zoloto).","","pcs","25","15625","390625","","Zoloto"
"rinki_2024_11_04","final","Fire Fighting","13",,,"31","Supply, Erection, Testing & commissioniing of firemans axe with heavy rubber handle .","supply_erection_testing_commissioniing_of_firema","Supply, Erection, Testing & commissioniing of firemans axe with heavy rubber han","Providing & fixing cast iron Butterfly Valve Complete with MS flange nuts and bolts rubber insertion as required ISI make. (Make : Kartar/ Zoloto).","Each","pcs","25","15625","390625","",""
"rinki_2024_11_04","final","Alarm System","14",,,"A","Providing & fixing ISI marked fire extinguishers of ABC type of 4 Kg. capacities complete with horn and value with initial charge as required. ISI mark. (Make: Guarsd / Safe Guards/ Life Guards/ Lightex/ Superex/ Safex).","fire_extinguisher","Fire extinguisher",,"","pcs","4","2500","10000","",""
"rinki_2024_11_04","final","Alarm System","14",,,"B","Supplying and drawing of PVC insulated Copper conductor 2C 1.5 sq. mm including terminating connection etc. as required","supplying_and_drawing_of_pvc_insulated_copper_co","Supplying and drawing of PVC insulated Copper conductor 2C 1.5 sq. mm including",,"","mtr","410","160","65600","",""
"rinki_2024_11_04","final","Alarm System","14",,,"C","Providing & fixing manual call box 16 guage in 100 x 100 mm enclosure with arrangement to raise the alarm when the glazz in manually broken complete as required including hammer.","ms_pipe","MS heavy grade fire pipe",,"","pcs","2","1050","2100","",""
"rinki_2024_11_04","final","Alarm System","14",,,"D","Providing & fixing of DUAL / tone electric fire hooter suitable for wall mounting inside the building for localized warming range of hooter shall be 80 dB to 120 dB.","providing_fixing_of_dual_tone_electric_fire_hoot","Providing & fixing of DUAL / tone electric fire hooter suitable for wall mountin",,"","pcs","2","1050","2100","",""
"rinki_2024_11_04","final","Alarm System","14",,,"E","P/F Heat Detectors with base Complete in all respect.","p_f_heat_detectors_with_base_complete_in_all_res","P/F Heat Detectors with base Complete in all respect.",,"","pcs","18","1995","35910","",""
"rinki_2024_11_04","final","Alarm System","14",,,"F","P/F Smoke Detectors with base Complete in all respect.","p_f_smoke_detectors_with_base_complete_in_all_re","P/F Smoke Detectors with base Complete in all respect.",,"","pcs","18","2200","39600","",""
"livzone_finishing_2026_01_30","for pg","Flooring","1",,,"1","TILE FLOORING WITH CHEMICAL","vitrified_floor_tiles","Vitrified floor tiles",,"Providing Fixing of (4'x2' & 2'X'2' ) vitrified Tile with chemical pasting and required fixing material. Make - Kajaria, Somani, same as other Tile Cost - up to 50/- sqft. Skirting will be measure at running feet with the same rate.","sqft",,"160",,"","Kajaria; Somani"
"livzone_finishing_2026_01_30","for pg","Suspended Ceiling","2",,,"2","PLAIN POP CEILING","pop_ceiling","POP ceiling",,"plain pop false ceiling with sakarni pop","sqft",,"120",,"",""
"livzone_finishing_2026_01_30","for pg","Suspended Ceiling","3",,,"3","POP CEILING WITH COVE","pop_ceiling","POP ceiling",,"COVE will be measure extra in running feet with the same rate of 120 per running feet.","sqft",,,,"",""
"livzone_finishing_2026_01_30","for pg","Suspended Ceiling","4",,,"4","GYPSUM CEILING","gypsum_ceiling","Gypsum ceiling",,"providing and fixing of Gypsum Board ceiling with required ISI GI channel cevered with 12mm thick gypsum board with required fittings. Make - Gyprock","sqft",,"110",,"","Gyprock"
"livzone_finishing_2026_01_30","for pg","Doors and Windows","4",,,"4","ALUMINIUM WINDOWS","aluminium_window","Aluminium window with glass",,"with frame and glass","sqft",,"475",,"",""
"livzone_finishing_2026_01_30","for pg","Civil Work","5",,,"5","GRANITE STAIRCASE","granite_staircase","Granite staircase",,"With single round takkar granite cost up to 70 sq ft.","step","1","2500","2500","",""
"livzone_finishing_2026_01_30","for pg","Paint Works","6",,,"6","PAINT WORK","paint_complete","Paint work for walls, partitions and ceiling",,"emulsion paint (Make - Asian)","sqft",,"22",,"","Asian"
"livzone_finishing_2026_01_30","for pg","Partition and Glass","7",,,"7","FLUSH DOOR WITH WOODEN FRAME","flush_door","Flush door with laminate finish",,"40 mm thick both side laminate with required fittings like - tower bolt stopper and stopper with saal wood choukhat","pcs",,"25000",,"",""
"iccs_lounge_2025_12_17","for sachin jain","Flooring","1",,,"1","CARPET or PVC VINYL PLANK","carpet_tile","Carpet tile",,"as/design and selection","sqft","300","120","36000","",""
"iccs_lounge_2025_12_17","for sachin jain","Wall Finishes","2",,,"2","CUSTOMISED VINYL WALLPAPER OVER THE EXISITING GLASS WALL","wallpaper","Wallpaper",,"as/design (BEHIND THE SOFA SET)","sqft","120","130","15600","",""
"iccs_lounge_2025_12_17","for sachin jain","Furniture","3",,,"3","2 SEATER SOFA SET","waiting_sofa","Waiting / lounge sofa",,"as/design","pcs","3","24000","72000","",""
"iccs_lounge_2025_12_17","for sachin jain","Furniture","4",,,"4","BOOK SHELF (3' X 8' )","book_shelf_3_x_8","BOOK SHELF (3' X 8' )",,"as/design","pcs","2","20000","40000","",""
"iccs_lounge_2025_12_17","for sachin jain","Furniture","5",,,"5","DICE'S COUCH","dice_s_couch","DICE'S COUCH",,"as/design","pcs","4","10000","40000","",""
"iccs_lounge_2025_12_17","for sachin jain","Furniture","6",,,"6","BEAN BAG","bean_bag","BEAN BAG",,"as/design","pcs","2","10000","20000","",""
"iccs_lounge_2025_12_17","for sachin jain","Furniture","7",,,"7","CIRCULAR/HEXAGONAL COUCH","circular_hexagonal_couch","CIRCULAR/HEXAGONAL COUCH",,"as/design","pcs","5","10000","50000","",""
"iccs_lounge_2025_12_17","for sachin jain","Miscellaneous","8",,,"8","WOODEN STAND FOR CHESS BOARD AND LUDO","wooden_stand_for_chess_board_and_ludo","WOODEN STAND FOR CHESS BOARD AND LUDO",,"as/design","pcs","1","5000","5000","",""
"iccs_lounge_2025_12_17","for sachin jain","Electrical Works","9",,,"9","ELECTRICAL WORK FOR HANGING LIGHTS AND OTHER","electrical_work_for_hanging_lights_and_other","ELECTRICAL WORK FOR HANGING LIGHTS AND OTHER",,"as/required","lumpsum","1","20000","20000","",""
"iccs_lounge_2025_12_17","for sachin jain","Suspended Ceiling","10",,,"10","PAINT WORK FOR CEILING AREA","paint_complete","Paint work for walls, partitions and ceiling",,"as/required","pcs","300","40","15000","",""
"iccs_lounge_2025_12_17","for sachin jain","Furniture","11",,,"11","TABLE GAME (4 IN ONE )","table_game_4_in_one","TABLE GAME (4 IN ONE )",,"SIZE - 54INCH X 24 INCH X 32 INCH HIGH BILLIARD , TABLE TENNIS , HOCKEY , FOOSBALL","lumpsum",,"65000",,"",""
"astralis_2025_05_01","for supernova","Dismantling and Debris","1",,,"A","Dismantling and debris of existing Walls and site cleaning","dismantling_walls","Dismantling existing walls and site cleaning",,"as/Site Visit","lumpsum","1","10000","10000","",""
"astralis_2025_05_01","for supernova","Civil Work","2",,,"A","PCC for levelling","pcc_levelling","PCC / screed for floor levelling",,"providing 1:4 (cement : sand) 100mm thick mortar for existing floor leveling and smooth surface","sqft","600","50","30000","",""
"astralis_2025_05_01","for supernova","Civil Work","2",,,"B","Brick Work For Pantry","brick_work","Brick work for toilets, pantry and cafeteria",,"as/site","lumpsum","1","5000","5000","",""
"astralis_2025_05_01","for supernova","Civil Work","2",,,"D","POP plaster for Existing cement block Wall","plaster_work","Cement plaster",,"providing 1:4 (cement : sand) 12mm thick plaster on existing wall (as/site)","sqft","1200","35","42000","",""
"astralis_2025_05_01","for supernova","Flooring","3",,,"A","Floor Tiles for office with 4"" high skirting Tile Cost - up to 40 TO 60- sqft.","vitrified_floor_tiles","Vitrified floor tiles",,"Providing Fixing of (4' x 2', 2' X 2' ) vitrified Tile with labour and required fixing material. As/3D theme and design Make - Kajaria,Somani, Varmoura,Granicer same as other","sqft","800","120","96000","","Kajaria; Somani; Varmora; Granicer"
"astralis_2025_05_01","for supernova","Suspended Ceiling","4",,,"A","Grid Ceiling (2'x2')","grid_ceiling","Grid ceiling",,"as/design","sqft","650","90","58500","",""
"astralis_2025_05_01","for supernova","Electrical Works","5",,,"A","ELECTRICAL WORKS FOR COMPLETE OFFICE","electrical_complete","Electrical works for complete area",,"providing fitting and Fixing of False ceiling's wiring,pvc conduiting, switch Board, ceiling panel for grid ceiling, MCB, Distribution Board, (Excluding items from our scope - Fan, Geyser,R.O.,chandelier, earthing's wiring ) Make - polycab for wiring + Anchor Penta for switches and board + Crompton/philips For concealed Ceiling Light .","lumpsum","55000","55000","55000","","Polycab; Anchor; Crompton; Philips"
"astralis_2025_05_01","for supernova","Paint Works","6",,,"A","Paint work for complete office area with required putty work","paint_complete","Paint work for walls, partitions and ceiling",,"MAKE - premium emulsion","lumpsum","45000","45000","45000","",""
"astralis_2025_05_01","for supernova","Furniture","7","Pantry","7","A","over head storage above the pantry's slab","overhead_storage","Overhead storage",,"Made of 19mm thick ply/blockboard/ with laminate finish both side with required fittings (SIZE - 5' wide x 3' high x 1' Depth)","sqft","15","1000","15000","",""
"astralis_2025_05_01","for supernova","Furniture","7","Pantry","7","B","granite top","granite_top","Granite counter top",,"19mm thick granite top (single takkar)with required fixing labour and material. Granite base rate - 150/- sq ft","sqft","12","300","3600","",""
"astralis_2025_05_01","for supernova","Flooring","7","Pantry","7","C","pantry wall tile above slab (2' high) to upper head storage","pantry_wall_tile","Pantry wall tiles",,"Providing Fixing of (2'x2', 12""x18"", 12""x12"" ) vitrified Tile with labour and required fixing material. (Make - Somani,Kajaria,vamoura,Gujrati same as other brand)","sqft","60","120","7200","","Kajaria; Somani"
"astralis_2025_05_01","for supernova","Furniture","7","Pantry","7","D","sink + mixture and required plumbing installation labour and their material","sink_mixer","Sink, mixer and plumbing",,"sink cost - up to 5000/- wall mixture - up to 3000/-","lumpsum","1","12000","12000","",""
"astralis_2025_05_01","for supernova","Partition and Glass","7","Pantry","7","E","wooden flush door with fitting and frame","flush_door","Flush door with laminate finish",,"size - 7'x 3' (laminate finish)","pcs","1","15000","15000","",""
"astralis_2025_05_01","for supernova","HVAC","8",,,"A","providing and supply 2000-2500 cfm AHU unit with complete installation and fittings with DUCT","ahu_supply","AHU supply and installation",,"Make - Carrier/Zyco/Waves","lumpsum","1","150000","150000","","Carrier; Waves"
"astralis_2025_05_01","for supernova","Fire Fighting","9",,,"A","ceiling downword flexible sprinkler with 1mtr lengh","downward_sprinkler","Ceiling downward flexible sprinkler",,"Make - TYKO","pcs","5","2000","10000","","Tyco"
"astralis_2025_05_01","for supernova","Fire Fighting","9",,,"B","upside sprinkler with testing and commisioning","upside_sprinkler","Upright sprinkler",,"Make - TYKO","pcs","5","550","2750","","Tyco"
"astralis_2025_05_01","for supernova","Fire Fighting","9",,,"C","3 fire detector with shielded wiring and fire alarm panel with hooter + testing and commisioning","fire_detector","Fire detector with alarm panel",,"Make - AGNI or same as other","pcs","3","1500","4500","","Agni"
"waveone_2025_12_10_lumpsum","for wave one (2)","Furniture","1",,,"A","5 SEATER SOFA SET (3unit +2unit )","waiting_sofa","Waiting / lounge sofa",,"as/design","pcs","5","70000","350000","",""
"waveone_2025_12_10_lumpsum","for wave one (2)","Furniture","1",,,"B","CENTRE TABLE","centre_table","Centre table",,"Size - 600mm x 600 mm (as/design)","pcs","1",,,"",""
"waveone_2025_12_10_lumpsum","for wave one (2)","Furniture","1",,,"C","SIDE TABLE","side_table","Side table",,"Size - 450mm x 450 mm (as/design)","pcs","1",,,"",""
"waveone_2025_12_10_lumpsum","for wave one (2)","Furniture","1",,,"D","RECEPTION TABLE","reception_counter","Reception counter / table",,"Size - 900mm (W) x 300 mm (D) x 1050mm (H) (as/design)","pcs","1",,,"",""
"waveone_2025_12_10_lumpsum","for wave one (2)","Furniture","1",,,"E","RECEPTION'S CHAIR","reception_chair","Reception chair",,"(as/design)","pcs","1",,,"",""
"waveone_2025_12_10_lumpsum","for wave one (2)","Furniture","1",,,"F","MAIN GLASS DOOR PANELLING","glass_door","Toughened glass door",,"2"" wide wooden panelling with laminate finish","rft","28",,,"",""
"waveone_2025_12_10_lumpsum","for wave one (2)","Furniture","2","MD Cabin","2","A","2 SEATER SOFA/COUCH (1unit +1unit )","waiting_sofa","Waiting / lounge sofa",,"as/design","pcs","2",,,"",""
"waveone_2025_12_10_lumpsum","for wave one (2)","Wall Finishes","2","MD Cabin","2","B","WALL DÉCOR WITH WALLPAPER (BEHIND THE COUCH'S WALL)","wallpaper","Wallpaper",,"as/design","sqft","60",,,"",""
"waveone_2025_12_10_lumpsum","for wave one (2)","Furniture","2","MD Cabin","2","C","EXECUTIVE CHAIR","executive_chair","Executive chair",,"Size - 600mm x 600 mm (as/design)","pcs","2",,,"",""
"waveone_2025_12_10_lumpsum","for wave one (2)","Furniture","2","MD Cabin","2","D","BOSS CHAIR","boss_chair","Boss chair",,"Size - 450mm x 450 mm (as/design)","pcs","2",,,"",""
"waveone_2025_12_10_lumpsum","for wave one (2)","Furniture","2","MD Cabin","2","E","MD TABLE WITH SIDE STORAGE","director_table","Director / MD table",,"Size - 2100mm (W) x 800 mm (D) x 750 mm (H) (as/design)","pcs","1",,,"",""
"waveone_2025_12_10_lumpsum","for wave one (2)","Flooring","2","MD Cabin","2","F","CARPET TILE FLOOR","carpet_tile","Carpet tile",,"(as/design)","sqft","100",,,"",""
"waveone_2025_12_10_lumpsum","for wave one (2)","Wall Finishes","2","MD Cabin","2","G","WOODEN PANELLING OVER THE EXISTING GLAZING FRAME","wooden_panelling","Wooden panelling",,"_","rft","30",,,"",""
"waveone_2025_12_10_lumpsum","for wave one (2)","Wall Finishes","2","MD Cabin","2","H","WPC WALL CLADDING BEHIND THE MD TABLE","director_table","Director / MD table",,"(as/design)","sqft","100",,,"",""
"waveone_2025_12_10_lumpsum","for wave one (2)","Window Treatments","2","MD Cabin","2","I","EXTERNAL GLAZING ROLLER BLINDS","window_blinds","Window / roller blinds",,"(as/design)","sqft","110",,,"",""
"waveone_2025_12_10_lumpsum","for wave one (2)","Partition and Glass","2","MD Cabin","2","J","GLASS FILM OVER THE EXISITNG GLASS","glass_film","Glass film",,"(MAIN DOOR + MD CABINS PARTITION)","sqft","100",,,"",""
"waveone_2025_12_10_lumpsum","for wave one (2)","Electrical Works","2","MD Cabin","2","K","ELECTRICAL WORK","electrical_complete","Electrical works for complete area",,"wiring, hanging light and other required works","lumpsum",,,,"",""
"waveone_2025_12_10","for wave one","Furniture","1",,,"A","5 SEATER SOFA SET (3unit +2unit )","waiting_sofa","Waiting / lounge sofa",,"as/design","pcs","5","15000","75000","",""
"waveone_2025_12_10","for wave one","Furniture","1",,,"B","CENTRE TABLE","centre_table","Centre table",,"Size - 600mm x 600 mm (as/design)","pcs","1","10000","10000","",""
"waveone_2025_12_10","for wave one","Furniture","1",,,"C","SIDE TABLE","side_table","Side table",,"Size - 450mm x 450 mm (as/design)","pcs","1","7500","7500","",""
"waveone_2025_12_10","for wave one","Furniture","1",,,"D","RECEPTION TABLE","reception_counter","Reception counter / table",,"Size - 900mm (W) x 300 mm (D) x 1050mm (H) (as/design)","pcs","1","25000","25000","",""
"waveone_2025_12_10","for wave one","Furniture","1",,,"E","RECEPTION'S CHAIR","reception_chair","Reception chair",,"(as/design)","pcs","1","5000","5000","",""
"waveone_2025_12_10","for wave one","Furniture","1",,,"F","MAIN GLASS DOOR PANELLING","glass_door","Toughened glass door",,"2"" wide wooden panelling with laminate finish","rft","28","300","8400","",""
"waveone_2025_12_10","for wave one","Furniture","2","MD Cabin","2","A","2 SEATER SOFA/COUCH (1unit +1unit )","waiting_sofa","Waiting / lounge sofa",,"as/design","pcs","2","10000","20000","",""
"waveone_2025_12_10","for wave one","Wall Finishes","2","MD Cabin","2","B","WALL DÉCOR WITH WALLPAPER (BEHIND THE COUCH'S WALL)","wallpaper","Wallpaper",,"as/design","sqft","60","150","9000","",""
"waveone_2025_12_10","for wave one","Furniture","2","MD Cabin","2","C","EXECUTIVE CHAIR","executive_chair","Executive chair",,"Size - 600mm x 600 mm (as/design)","pcs","2","7500","15000","",""
"waveone_2025_12_10","for wave one","Furniture","2","MD Cabin","2","D","BOSS CHAIR","boss_chair","Boss chair",,"Size - 450mm x 450 mm (as/design)","pcs","2","12000","24000","",""
"waveone_2025_12_10","for wave one","Furniture","2","MD Cabin","2","E","MD TABLE WITH SIDE STORAGE","director_table","Director / MD table",,"Size - 2100mm (W) x 800 mm (D) x 750 mm (H) (as/design)","pcs","1","55000","55000","",""
"waveone_2025_12_10","for wave one","Flooring","2","MD Cabin","2","F","CARPET TILE FLOOR","carpet_tile","Carpet tile",,"(as/design)","sqft","100","175","17500","",""
"waveone_2025_12_10","for wave one","Wall Finishes","2","MD Cabin","2","G","WOODEN PANELLING OVER THE EXISTING GLAZING FRAME","wooden_panelling","Wooden panelling",,"_","rft","30","450","13500","",""
"waveone_2025_12_10","for wave one","Wall Finishes","2","MD Cabin","2","H","WPC WALL CLADDING BEHIND THE MD TABLE","director_table","Director / MD table",,"(as/design)","sqft","100","200","20000","",""
"waveone_2025_12_10","for wave one","Window Treatments","2","MD Cabin","2","I","EXTERNAL GLAZING ROLLER BLINDS","window_blinds","Window / roller blinds",,"(as/design)","sqft","110","150","16500","",""
"waveone_2025_12_10","for wave one","Partition and Glass","2","MD Cabin","2","J","GLASS FILM OVER THE EXISITNG GLASS","glass_film","Glass film",,"(MAIN DOOR + MD CABINS PARTITION)","sqft","100","50","5000","",""
"waveone_2025_12_10","for wave one","Partition and Glass","2","MD Cabin","2","K","GLASS PARTITION COVERING WITH PANELING","glass_partition","Toughened glass partition",,"as/discussed","lumpsum","1","20000","20000","",""
"waveone_2025_12_10","for wave one","Electrical Works","2","MD Cabin","2","L","ELECTRICAL WORK","electrical_complete","Electrical works for complete area",,"wiring, hanging light and other required works","pcs","1","15000","15000","",""
"iccs_office_2025_12_17","FRO ICCS","Flooring","1",,,"1","CARPET TILE (500MMX500MM)","carpet_tile","Carpet tile",,"as/design and selection","sqft","100000","120","12000000","actual quantity will measure at site",""
"iccs_office_2025_12_17","FRO ICCS","Flooring","2",,,"2","VINYL FLOORING","vinyl_flooring","Vinyl flooring",,"as/design","sqft","10000","150","1500000","For reception area and other area as/design",""
"iccs_office_2025_12_17","FRO ICCS","Furniture","3","Reception",,"3","SOFA (FOR RECEPTION AND LOUNGE AREA)","sofa_for_reception_and_lounge_area","SOFA (FOR RECEPTION AND LOUNGE AREA)",,"as/design","seat","65","15000","975000","it’s a tentative quantity actual will be count at site",""
"iccs_office_2025_12_17","FRO ICCS","Flooring","4",,,"4","VITRIFIED FLOOR TILE","vitrified_floor_tiles","Vitrified floor tiles",,"SIZE - 4'X2' OR 2'X2' (MAKE KAJARIA)","sqft","10000","200","2000000","dismentling and debris of existing break tiles and replace with new tile with required material and labour","Kajaria"
"iccs_office_2025_12_17","FRO ICCS","Partition and Glass","5",,,"5","GYPSUM PARTITION","gypsum_partition","Gypsum partition",,"as/design","sqft","12000","120","1440000","",""
"iccs_office_2025_12_17","FRO ICCS","Partition and Glass","6",,,"6","ALUMINIUM PARTITION","aluminium_partition","Aluminium partition",,"as/design","sqft","3400","350","1190000","",""
"iccs_office_2025_12_17","FRO ICCS","Partition and Glass","7",,,"7","GLASS PARTITION","glass_partition","Toughened glass partition",,"as/design","pcs","3500","450","1575000","",""
"iccs_office_2025_12_17","FRO ICCS","Suspended Ceiling","8",,,"8","GYPSUM CEILING","gypsum_ceiling","Gypsum ceiling",,"as/design","pcs","8000","120","960000","",""
"iccs_office_2025_12_17","FRO ICCS","Suspended Ceiling","9",,,"9","GRID CEILING","grid_ceiling","Grid ceiling",,"as/design","pcs","3000","150","450000","",""
"iccs_office_2025_12_17","FRO ICCS","Electrical Works","10",,,"10","ELECTRICAL WORK","electrical_complete","Electrical works for complete area",,"as/required","sqft","5000","250","1250000","",""
"iccs_office_2025_12_17","FRO ICCS","Suspended Ceiling","11",,,"11","PAINT WORK FOR CEILING AND WALL","paint_complete","Paint work for walls, partitions and ceiling",,"as/required","pcs","50000","25","1250000","",""
"iccs_office_2025_12_17","FRO ICCS","Furniture","12","Workstation Area",,"12","WORKSTATION","workstation","Workstation",,"as/required","pcs",,"7500","7500","",""
"iccs_office_2025_12_17","FRO ICCS","Furniture","13",,,"13","OFFICE CHAIR","office_chair","Office / workstation chair",,"as/required","pcs",,"3200","3200","",""
"iccs_office_2025_12_17","FRO ICCS","Window Treatments","14",,,"14","WINDOW BLINDES","window_blinds","Window / roller blinds",,"as/required","pcs","2000","140","280000","",""
"iccs_office_2025_12_17","FRO ICCS","Window Treatments","15",,,"15","GLASS FILM","glass_film","Glass film",,"as/required","pcs","5000","35","175000","",""
"iccs_office_2025_12_17","FRO ICCS","Suspended Ceiling","16",,,"16","BAFFLE CEILING","baffle_ceiling","Baffle ceiling",,"as/required","pcs","1500","450","675000","AS PER DESIGN AND SITE REQUIREMENT",""
"iccs_office_2025_12_17","FRO ICCS","Wall Finishes","17",,,"17","WALL CLADDING WITH WPC/ CHARCOL PANEL FOR DECORATIVE WALL","wall_cladding","WPC / charcoal wall cladding",,"as/required","pcs","2000","150","300000","",""
"rinki_2024_10_26","REVISED","Dismantling and Debris","1",,,"A","Dismantling and debris of existing partition Walls and site cleaning","dismantling_partitions","Dismantling existing partitions and site cleaning",,"as/Site Visit","lumpsum","1","15000","15000","",""
"rinki_2024_10_26","REVISED","Civil Work","2",,,"A","pcc for tile levelling","pcc_levelling","PCC / screed for floor levelling",,"providing 1:4 (cement : sand) 100mm thick mortar for existing floor leveling and smooth surface","lumpsum","1","300000","300000","",""
"rinki_2024_10_26","REVISED","Civil Work","2",,,"B","IPS flooring","ips_flooring","IPS flooring",,"providing 5 to 6mm thick IPS flooring for Carpet Area.","",,,,"",""
"rinki_2024_10_26","REVISED","Civil Work","2",,,"C","Brick Work For Toilets And Pantry and cafeteria","brick_work","Brick work for toilets, pantry and cafeteria",,"providing first class brick work with 4.5 and 9"" thick with rough plaster finish for Tile work. (as/drawing) also providing ledge wall for Wall Hung WC Cistern","",,,,"",""
"rinki_2024_10_26","REVISED","Civil Work","2",,,"D","RCC Lintel Beam","rcc_lintel","RCC lintel beam",,"providing RCC Lintel Beam For Door Support at +8' lvl","",,,,"",""
"rinki_2024_10_26","REVISED","Civil Work","2",,,"F","plaster work","plaster_work","Cement plaster",,"providing 1:4 (cement : sand) 12mm thick plaster on existing wall (as/site)","",,,,"",""
"rinki_2024_10_26","REVISED","Civil Work","2",,,"E","Raised Floor For Server Room","raised_floor","Raised PCC floor",,"100mm high PCC floor for raised plateform for 75mm pipes for water line","",,,,"",""
"rinki_2024_10_26","REVISED","Flooring","3",,,"A","Floor Tiles Tile Cost - up to 40 TO 60- sqft.","vitrified_floor_tiles","Vitrified floor tiles",,"Providing Fixing of (4'x2' , 8"" x 4' ) vitrified Tile with labour and required fixing material. As/3D theme and design Make - Kajaria,Somani, Varmoura,Granicer same as other","sqft","4000","120","480000","","Kajaria; Somani; Varmora; Granicer"
"rinki_2024_10_26","REVISED","Partition and Glass","4",,,"A","75mm thick Gypsum Partition","gypsum_partition","Gypsum partition",,"providing and fixing of gypsum partition (50mm x 50 mm GI section with both side 12mm gypsum board with joint plaster)","sqft","2500","140","350000","",""
"rinki_2024_10_26","REVISED","Partition and Glass","4",,,"B","12mm thick toughened glass Door","glass_door","Toughened glass door",,"","pcs","13","20000","260000","",""
"rinki_2024_10_26","REVISED","Partition and Glass","4",,,"C","Providing and fixing flush door with laminate finish required with fittings","flush_door","Flush door with laminate finish",,"","pcs","3","8500","25500","",""
"rinki_2024_10_26","REVISED","Partition and Glass","4",,,"D","12mm thick toughened glass partition fixing with C profile section in floor and gypsum (as/layout) (up to 7' high from floor finish lvl)","glass_partition","Toughened glass partition",,"12mm thick toughened Glass partition with Required Fittings (Make - saint Gobain,Modi same as other) note - existing front glass will remain same","sqft","800","400","320000","","Saint Gobain; Modi"
"rinki_2024_10_26","REVISED","Toilet and Wet Areas","5","Director Cabin","5","A","Floor and Wall Tiles","toilet_tiles","Toilet floor and wall tiles",,"Providing Fixing of (2'x2', 12""x18"", 12""x12"" ) vitrified Tile with labour and required fixing material. (Make - Somani,Kajaria,vamoura,same as other brand)","pcs","300","120","36000","","Kajaria; Somani"
"rinki_2024_10_26","REVISED","Toilet and Wet Areas","5","Director Cabin","5","B","Fixtures for toilet","toilet_fixtures","Toilet fixtures set",,"1. Wall mounted WC (jaquar) with cistern + flush plate (GROHE GD- 2) 2. Table top basin with diverter (MAKE - JAQUAR BASIC MODEL) 3. wall mirror with light 4. Vanity with granite top with below storage 5. health Faucet 6. toilet paper Holder (Stainless steel heavy duty)","pcs","1","45000","45000","","Jaquar; Grohe"
"rinki_2024_10_26","REVISED","Toilet and Wet Areas","5","Director Cabin","5","C","New Bathroom's pvc installation fittings + labour charges with required items.","toilet_plumbing","Bathroom PVC plumbing installation",,"providing fitting and fixing of new pvc pipeline fittings for bathroom fixtures with required items. MAKE - Prince/ Prakash/Finolex same as other","pcs","1","30000","30000","","Prince; Prakash; Finolex"
"rinki_2024_10_26","REVISED","Suspended Ceiling","6",,,"A","GYPSUM ceiling with cove designs (as/design)","gypsum_ceiling","Gypsum ceiling",,"providing and fixing of Gypsum Board ceiling with required ISI GI channel cevered with 12mm thick gypsum board with required fittings.","sqft","3250","125","406250","",""
"rinki_2024_10_26","REVISED","Electrical Works","7",,,"A","ELECTRICAL WORKS FOR COMPLETE OFFICE (as/drawing and 3D design)","electrical_complete","Electrical works for complete area",,"providing fitting and Fixing of False ceiling's wiring,pvc conduiting, switch Board, LED Strips for cove and recessed light for false ceiling, MCB, Distribution Board, 2 - 3 electrical point on work + 4 electrical points in cabin + COVE LIGHT , Cove Strip, Profile Light, Hanging Light other required work (Excluding items from our scope - Fan, Geyser,R.O.,chandelier, earthing's wiring ) Make - polycab/Havells for wiring + GM/L&T/ for switches + Syska/Crompton/ Philips For Resecced Ceiling Light .","sqft","3200","200","640000","","Polycab; Crompton; Philips"
"rinki_2024_10_26","REVISED","Paint Works","8",,,"A","Walls + Partition And Ceiling's Paint work for complete office area with required putty work","paint_complete","Paint work for walls, partitions and ceiling",,"MAKE - emulsion shine","sqft","8500","30","250000","",""
"rinki_2024_10_26","REVISED","Furniture","9","Reception","9A","A","waiting area sofa set","waiting_sofa","Waiting / lounge sofa",,"AS/3D DESIGN","seat","4","8000","32000","",""
"rinki_2024_10_26","REVISED","Furniture","9","Reception","9A","B","2 seater sofa","waiting_sofa","Waiting / lounge sofa",,"AS/3D DESIGN","seat","2","10000","20000","",""
"rinki_2024_10_26","REVISED","Furniture","9","Reception","9A","D","Reception counter","reception_counter","Reception counter / table",,"as/design","pcs","1","35000","35000","",""
"rinki_2024_10_26","REVISED","Furniture","9","Reception","9A","E","Reception chair","reception_chair","Reception chair",,"as/selection","pcs","1","7500","7500","",""
"rinki_2024_10_26","REVISED","Furniture","9","Meeting Room","9B","A","meeting's table with laminate finish","meeting_table","Meeting table",,"made of powder coated MS frame(internal) with wooden laminted top with laquered glass","pcs","1","24000","24000","",""
"rinki_2024_10_26","REVISED","Furniture","9","Meeting Room","9B","B","meeting table's chairs","meeting_chair","Meeting chair",,"up to 5000/- per seat","pcs","6","5000","30000","",""
"rinki_2024_10_26","REVISED","Furniture","9","Pantry","9C","A","wooden storage below the pantry's slab","below_storage","Wooden storage below counter",,"Made of 19mm thick ply/blockboard/HDHMR with laminate finish bith side with required fittings (SIZE - 6' wide x 3' high x 2' Depth)","sqft","18","1000","18000","",""
"rinki_2024_10_26","REVISED","Furniture","9","Pantry","9C","A","0ver head storage above the pantry's slab","0ver_head_storage_above_the_pantry_s_slab","0ver head storage above the pantry's slab",,"Made of 19mm thick ply/blockboard/HDHMR with laminate finish bith side with required fittings (SIZE - 6' wide x 3' high x 1' Depth)","sqft","18","1000","18000","",""
"rinki_2024_10_26","REVISED","Furniture","9","Pantry","9C","B","granite top","granite_top","Granite counter top",,"19mm thick granite top with required fixing labour and material. Granite base rate - 150/- sq ft","sqft","15","300","4500","",""
"rinki_2024_10_26","REVISED","Furniture","9","Pantry","9C","C","pantry wall tile above slab (2' high) to upper head storage + wall tiles behind the refrigerator and WD (up to 5' high)","pantry_wall_tile","Pantry wall tiles",,"Providing Fixing of (2'x2', 12""x18"", 12""x12"" ) vitrified Tile with labour and required fixing material. (Make - Somani,Kajaria,vamoura,same as other brand)","sqft","100","120","12000","","Kajaria; Somani"
"rinki_2024_10_26","REVISED","Furniture","9","Pantry","9C","D","sink + mixture and required plumbing installation labour and their material","sink_mixer","Sink, mixer and plumbing",,"sink cost - up to 5000/- wall mixture - up to 3000/-","lumpsum","1","12000","12000","",""
"rinki_2024_10_26","REVISED","Furniture","9","Cafeteria","9D","A","wooden storage below the sink's granite counter a","below_storage","Wooden storage below counter",,"Made of 19mm thick ply/blockboard/HDHMR with laminate finish bith side with required fittings (SIZE - 6' wide x 3' high x 2' Depth)","sqft","36","1000","36000","",""
"rinki_2024_10_26","REVISED","Furniture","9","Cafeteria","9D","B","granite top for 2 slab","granite_top","Granite counter top",,"19mm thick granite top with required fixing labour and material. Granite base rate - 150/- sq ft","sqft","50","300","15000","",""
"rinki_2024_10_26","REVISED","Furniture","9","Cafeteria","9D","C","pantry wall tile above slab (2' high) to upper head storage + wall tiles behind the refrigerator and WD","pantry_wall_tile","Pantry wall tiles",,"Providing Fixing of (2'x2', 12""x18"", 12""x12"" ) vitrified Tile with labour and required fixing material. (Make - Somani,Kajaria,vamoura,same as other brand)","sqft","150","150","22500","","Kajaria; Somani"
"rinki_2024_10_26","REVISED","Furniture","9","Cafeteria","9D","D","sink + mixture and required plumbing installation labour and their material","sink_mixer","Sink, mixer and plumbing",,"sink cost - up to 5000/- wall mixture - up to 3000/-","lumpsum","1","20000","20000","",""
"rinki_2024_10_26","REVISED","Furniture","9","Workstation Area","9E","A","workstation's table with laminate finish top","workstation","Workstation",,"made of powder coated MS frame structure (internal) with wooden laminted top.","pcs","53","6000","318000","",""
"rinki_2024_10_26","REVISED","Furniture","9","Workstation Area","9E","B","workstation's chair","office_chair","Office / workstation chair",,"up to 4500/- per seat","pcs","53","4500","238500","",""
"rinki_2024_10_26","REVISED","Furniture","9","Workstation Area","9E","D","low height division storage","low_height_division_storage","low height division storage",,"structure made of MS and box made of wooden. As/design","pcs","6","12000","72000","",""
"rinki_2024_10_26","REVISED","Furniture","9","Workstation Area","9E","E","2 sofa seat for informal area","2_sofa_seat_for_informal_area","2 sofa seat for informal area",,"as/3d design","pcs","2","8000","16000","",""
"rinki_2024_10_26","REVISED","Furniture","9","Cabin","9G","A","boss's table + side table storage","side_table","Side table",,"made of powder coated MS frame(internal) with wooden laminted top with laquered glass","pcs","3","27500","82500","",""
"rinki_2024_10_26","REVISED","Furniture","9","Cabin","9G","B","Cabin's head chair","cabin_chair","Cabin / director chair",,"up to 7500/- per seat","pcs","3","7500","22500","",""
"rinki_2024_10_26","REVISED","Furniture","9","Cabin","9G","C","Cabin's visitor chair","visitor_chair","Visitor chair",,"up to 4500/- per seat","pcs","6","4500","27000","23'(L)x13'(W)=299",""
"rinki_2024_10_26","REVISED","Furniture","9","Cabin","9H","A","workstation's table with laminate finish top","workstation","Workstation",,"made of powder coated MS frame structure (internal) with wooden laminted top.","pcs","6","6000","36000","",""
"rinki_2024_10_26","REVISED","Furniture","9","Cabin","9H","B","workstation's chair","office_chair","Office / workstation chair",,"up to 4500/- per seat","pcs","6","4000","24000","",""
"rinki_2024_10_26","REVISED","Furniture","9","Executive Director Cabin","9I","A","cabin's table with laminate finish top","cabin_s_table_with_laminate_finish_top","cabin's table with laminate finish top",,"made of 19mm thick commerical plywood with laminate finish top.","pcs","1","22500","22500","",""
"rinki_2024_10_26","REVISED","Furniture","9","Executive Director Cabin","9I","B","Low height storage","low_height_storage","Low height storage",,"made of 19mm thick commerical plywood with laminate finish with two drawer + one shutter below","pcs","1","7500","7500","23'(L)x13'(W)=300",""
"rinki_2024_10_26","REVISED","Furniture","9","Executive Director Cabin","9I","C","Director's chair","cabin_chair","Cabin / director chair",,"up to 10000/- per seat","pcs","1","7500","7500","",""
"rinki_2024_10_26","REVISED","Furniture","9","Executive Director Cabin","9I","D","visitor chair","visitor_chair","Visitor chair",,"up to 4500/- per seat","pcs","3","4000","12000","23'(L)x13'(W)=299",""
"rinki_2024_10_26","REVISED","Furniture","9","Executive Director Cabin","9I","E","sofa set","waiting_sofa","Waiting / lounge sofa",,"as/design","pcs","2","8000","16000","23'(L)x13'(W)=300",""
"rinki_2024_10_26","REVISED","Furniture","9","Director Cabin","9J","A","cabin's table with laminate finish top","cabin_s_table_with_laminate_finish_top","cabin's table with laminate finish top",,"made of 19mm thick commerical plywood with laminate finish top.","pcs","1","42000","42000","",""
"rinki_2024_10_26","REVISED","Furniture","9","Director Cabin","9J","B","Low height storage","low_height_storage","Low height storage",,"made of 19mm thick commerical plywood with laminate finish with two drawer + one shutter below","pcs","1","10000","10000","23'(L)x13'(W)=300",""
"rinki_2024_10_26","REVISED","Furniture","9","Director Cabin","9J","C","Director's chair","cabin_chair","Cabin / director chair",,"as/design Selection","pcs","1","7500","7500","",""
"rinki_2024_10_26","REVISED","Furniture","9","Director Cabin","9J","D","visitor chair","visitor_chair","Visitor chair",,"as/design Selection","pcs","3","4000","12000","23'(L)x13'(W)=299",""
"rinki_2024_10_26","REVISED","Furniture","9","Director Cabin","9J","E","sofa set","waiting_sofa","Waiting / lounge sofa",,"as/design Selection","pcs","3","8000","24000","23'(L)x13'(W)=300",""
"rinki_2024_10_26","REVISED","Furniture","9","Director Cabin","9J","F","Coffee table","coffee_table","Coffee table",,"as/design","pcs","2","7500","15000","",""
"rinki_2024_10_26","REVISED","Furniture","9","Director Cabin","9J","G","Table's Back Wall Storage","wall_storage","Wall storage",,"as/design","sqft","40","800","32000","",""
"rinki_2024_10_26","REVISED","Furniture","9","Director Cabin","9K","A","Director's table with laminate finish top","director_table","Director / MD table",,"made of powder coated MS frame(internal) with wooden laminted top","pcs","1","42000","42000","",""
"rinki_2024_10_26","REVISED","Furniture","9","Director Cabin","9K","B","Low height storage","low_height_storage","Low height storage",,"made of 19mm thick commerical plywood with laminate finish with two drawer + one shutter below","pcs","1","7500","7500","23'(L)x13'(W)=300",""
"rinki_2024_10_26","REVISED","Furniture","9","Director Cabin","9K","C","Director's chair","cabin_chair","Cabin / director chair",,"","pcs","1","7500","7500","",""
"rinki_2024_10_26","REVISED","Furniture","9","Director Cabin","9K","D","visitor chair","visitor_chair","Visitor chair",,"","pcs","3","4000","12000","23'(L)x13'(W)=299",""
"rinki_2024_10_26","REVISED","Furniture","9","Director Cabin","9K","E","sofa set","waiting_sofa","Waiting / lounge sofa",,"as/design","pcs","3","8000","24000","23'(L)x13'(W)=300",""
"rinki_2024_10_26","REVISED","Furniture","9","Director Cabin","9K","F","Coffee table","coffee_table","Coffee table",,"as/design","pcs","2","8000","16000","",""
"rinki_2024_10_26","REVISED","Furniture","9","Director Cabin","9K","G","2 seater sofa","waiting_sofa","Waiting / lounge sofa",,"as/design","sqft","2","8000","16000","",""
"rinki_2024_10_26","REVISED","Furniture","9","Director Cabin","9K","H","Wall Storage","wall_storage","Wall storage",,"as/design","sqft","32","1000","32000","",""
"rinki_2024_10_26","REVISED","Furniture","9","Director Cabin","9K","I","trap door for AHU Unit","trap_door","Trap door for AHU",,"","pcs","2","6000","12000","",""
"rinki_2024_10_26","REVISED","HVAC","12",,,"A","2 AIR HANDLING UNITS (AHU) 5000 CFM DS 4RD 50mm STATIC :- Make - (Carrier/Saleriya/web/ZECO/edgtech) Supply, testing, of double skin air handling unit Casing of air handling unit shall be in double skin construction, inner skin Shall be construction out of 24 gauge plain GS sheet& outer skin in 24 gauge pre-plasticized GS sheet sand witched between 25mm thick Injected PU foam insulation of density not less than 40 kg/Cum and Inspection door, fan section complete with forward curved type centrifugal Fan, and 3 phase squirrel cage induction motor with belt drive drive packag,Coil section with multi row deep chilled and aluminum fins contraction having wall thickness of tubes not less 0.4 mm face velocity across cooling coil shall not exceed 500 FPM, filter section complete with 50 mm thick Washable synthetic fiber filter.","ahu_supply","AHU supply and installation",,"","sqft","3200","325","1040000","","Carrier; Zeco"
"rinki_2024_10_26","REVISED","HVAC","12",,,"B","2 CHILLED WATER PIPING : MAKE - (jindal) Suppling,installation,testing and commissioning of M S heavy C -class piping Insulation with closed cell insulation of 25 mm thick 32mm 3. Y-STRAINER FOR AHUs PIPE LINE : MAKE - (sant/flowell) Supply,installction,testing and commissioning of following ‘Y strainers for Air handling units 32mm 4. Suppling,installing,testing and commissioning of following Ball valves one With Y strainers and other without strainer for AHU Pipe line in let and out let 15mm dia 5. DUCTWORK/AIR TERMINALS : MAKE - (jindal/sail) Supply, fabrication, installation, and testing of sheet metal ducts complete. Hanging arrangement including check nuts in Accordance with the approved shop drawing and specifications etc. 0.63mm (24gauge) GSS 7 Supply & fixing of :- Diffuser with damper (300x300) 8 INSULACTION :- 6 mm Naital rubber (Aflex/accoflex) 9 FLEXIBLE CANVASS CONNECTION:- Supply, installation and testing of 125 MM deep ant vibration flexible Joint at the outlet of packaged unites 10 AHU machine motor starter panel 11 AHU machine installation charge 12 AHU machine transportation and lifting charge","ahu_supply","AHU supply and installation",,"","",,,,"","Jindal"
"rinki_2024_10_26","REVISED","Fire Fighting","13",,,"A","Providing laying, jointly and testing of Heavy grade MS Pipe ISI Marked 1239 with special accessories such as tees, elbows, nut and bolts with welded joints including cutting & making iron clamps, bracket with metal fastener and painting with 2 Coats of synthetic paint etc. complete as required pipes. - 65 MM DIA","ms_pipe","MS heavy grade fire pipe","Providing laying, jointly and testing of Heavy grade MS Pipe ISI Marked 1239 with special accessories such as tees, elbows, nut and bolts with welded joints including cutting & making iron clamps, bracket with metal fastener and painting with 2 Coats of synthetic paint etc. complete as required pipes.","","mtr","6","1315","7890","",""
"rinki_2024_10_26","REVISED","Fire Fighting","13",,,"B","Providing laying, jointly and testing of Heavy grade MS Pipe ISI Marked 1239 with special accessories such as tees, elbows, nut and bolts with welded joints including cutting & making iron clamps, bracket with metal fastener and painting with 2 Coats of synthetic paint etc. complete as required pipes. - 50 MM DIA","ms_pipe","MS heavy grade fire pipe","Providing laying, jointly and testing of Heavy grade MS Pipe ISI Marked 1239 with special accessories such as tees, elbows, nut and bolts with welded joints including cutting & making iron clamps, bracket with metal fastener and painting with 2 Coats of synthetic paint etc. complete as required pipes.","","mtr","12","825","9900","",""
"rinki_2024_10_26","REVISED","Fire Fighting","13",,,"C","Providing laying, jointly and testing of Heavy grade MS Pipe ISI Marked 1239 with special accessories such as tees, elbows, nut and bolts with welded joints including cutting & making iron clamps, bracket with metal fastener and painting with 2 Coats of synthetic paint etc. complete as required pipes. - 25 MM DIA","ms_pipe","MS heavy grade fire pipe","Providing laying, jointly and testing of Heavy grade MS Pipe ISI Marked 1239 with special accessories such as tees, elbows, nut and bolts with welded joints including cutting & making iron clamps, bracket with metal fastener and painting with 2 Coats of synthetic paint etc. complete as required pipes.","","mtr","48","525","25200","",""
"rinki_2024_10_26","REVISED","Fire Fighting","13",,,"9","MS door frame 1200x2100 door capable of accommodating fire hose reel, landing valve, hose pipes, fittings & accessories. The door shall have a front glass with lock and key arrangement & shall be painted with post office red colour (approval shall be taken on the basis of submitted sample before ordering) Cost of fire extinguishers not included in item rate. (Liasioing with civil contractor for making 1200x600x2100 Recessed type mansoary box (by civil contractor).","fire_extinguisher","Fire extinguisher","Providing laying, jointly and testing of Heavy grade MS Pipe ISI Marked 1239 with special accessories such as tees, elbows, nut and bolts with welded joints including cutting & making iron clamps, bracket with metal fastener and painting with 2 Coats of synthetic paint etc. complete as required pipes.","Each","5","11500","57500","661250000","",""
"rinki_2024_10_26","REVISED","Fire Fighting","13",,,"A","Providing & fixing cast iron Butterfly Valve Complete with MS flange nuts and bolts rubber insertion as required ISI make. (Make : Kartar/ Zoloto). - 65mm bore","butterfly_valve","Cast iron butterfly valve","Providing & fixing cast iron Butterfly Valve Complete with MS flange nuts and bolts rubber insertion as required ISI make. (Make : Kartar/ Zoloto).","","pcs","1","3725","3725","",""
"rinki_2024_10_26","REVISED","Fire Fighting","13",,,"13C","P/F S.S Flexable Pipe 1000mm For Sprinklers Pipe Adjust Ceiling Lable as Per Direction with Accessories Complete in all respect.","downward_sprinkler","Ceiling downward flexible sprinkler","Providing & fixing cast iron Butterfly Valve Complete with MS flange nuts and bolts rubber insertion as required ISI make. (Make : Kartar/ Zoloto).","","pcs","18","2695","48510","",""
"rinki_2024_10_26","REVISED","Fire Fighting","13",,,"17","Providing & fixing mechanical foam type fire extinguisher 9 ltrs. (ISI marked. (Make: Guarsd / Safe Guards/ Life Guards/ Lightex/ Superex/ Safex).","fire_extinguisher","Fire extinguisher","Providing & fixing cast iron Butterfly Valve Complete with MS flange nuts and bolts rubber insertion as required ISI make. (Make : Kartar/ Zoloto).","EACH","pcs","2875",,,"",""
"rinki_2024_10_26","REVISED","Fire Fighting","13",,,"18","Providing & fixing of water pressure gas type fire extinguishers of 6 ltr. Capacity complete with initial charges and ISI Marked. (Make: Guarsd / Safe Guards/ Life Guards/ Lightex/ Superex/ Safex).","fire_extinguisher","Fire extinguisher","Providing & fixing cast iron Butterfly Valve Complete with MS flange nuts and bolts rubber insertion as required ISI make. (Make : Kartar/ Zoloto).","EACH","pcs","2475",,,"",""
"rinki_2024_10_26","REVISED","Fire Fighting","13",,,"25","P/F Terraces Pump Panel 16 Gauge Complete in all respect.","p_f_terraces_pump_panel_16_gauge_complete_in_all","P/F Terraces Pump Panel 16 Gauge Complete in all respect.","Providing & fixing cast iron Butterfly Valve Complete with MS flange nuts and bolts rubber insertion as required ISI make. (Make : Kartar/ Zoloto).","SET.","pcs","12500",,,"",""
"rinki_2024_10_26","REVISED","Fire Fighting","13",,,"26","Providing, laying, testing and commissioning of MS heavy Grade ERW pipes for underground applications confirming to IS: 1239 / IS : 3589 with necessary flanges and fittings such as elbows and as elbows and tees with a primer coat along with wrapping and coating of pipe PYPCOYE 4 mm thick conforming to IS:10221. If required excavation all the type soils refilling the trenches to same finish. Holidays test shall be curried out to check for proper workmanship on the laying of all underground piping.(MAKE ; PIPE COATE)","providing_laying_testing_and_commissioning_of_ms","Providing, laying, testing and commissioning of MS heavy Grade ERW pipes for und","Providing & fixing cast iron Butterfly Valve Complete with MS flange nuts and bolts rubber insertion as required ISI make. (Make : Kartar/ Zoloto).","","pcs",,,,"",""
"rinki_2024_10_26","REVISED","Fire Fighting","13",,,"13D","Providing & Fixing 15 mm dia gun metal (Pendent Type) sprinkle head with quartz bulb complete with all respect","upside_sprinkler","Upright sprinkler","Providing & fixing cast iron Butterfly Valve Complete with MS flange nuts and bolts rubber insertion as required ISI make. (Make : Kartar/ Zoloto).","","pcs","25","700","17500","",""
"rinki_2024_10_26","REVISED","Fire Fighting","13",,,"23","Providing testing and commissioning of the installation control valve including with following fittings, (Make : Kirloskar).","providing_testing_and_commissioning_of_the_insta","Providing testing and commissioning of the installation control valve including","Providing & fixing cast iron Butterfly Valve Complete with MS flange nuts and bolts rubber insertion as required ISI make. (Make : Kartar/ Zoloto).","","pcs","25","15625","390625","","Kirloskar"
"rinki_2024_10_26","REVISED","Fire Fighting","13",,,"23","Providing & fixing double flanged flexicon expansion joint with unit control of standard length as per maufacturers specs tested to a pressure of 20Kg/Sqcm including rubber gaskets, flanges, nuts, bolts and washers complete as required.","providing_fixing_double_flanged_flexicon_expansi","Providing & fixing double flanged flexicon expansion joint with unit control of","Providing & fixing cast iron Butterfly Valve Complete with MS flange nuts and bolts rubber insertion as required ISI make. (Make : Kartar/ Zoloto).","","pcs","25","15625","390625","",""
"rinki_2024_10_26","REVISED","Fire Fighting","13",,,"32","Providing, fixing, testing & commissioning of MS air cushion tank on top of each riser fabricated from 8mm thick MS plate,250 mm in diameter and 1.2 m in height with dished ends fabricated from 10mm thick MS sheet,2coats of synthetic enamel paint over a coat of primer with Air release valve with stop cock, flanged inlet connection and drain arrangement with 25mm dia valve, pressure guage with gun metal stop cock complete with all accessories as required.","ms_pipe","MS heavy grade fire pipe","Providing & fixing cast iron Butterfly Valve Complete with MS flange nuts and bolts rubber insertion as required ISI make. (Make : Kartar/ Zoloto).","Each","pcs","25","15625","390625","",""
"rinki_2024_10_26","REVISED","Fire Fighting","13",,,"32","Providing & Fixing Nipple Down Complete in all respect.","providing_fixing_nipple_down_complete_in_all_res","Providing & Fixing Nipple Down Complete in all respect.","Providing & fixing cast iron Butterfly Valve Complete with MS flange nuts and bolts rubber insertion as required ISI make. (Make : Kartar/ Zoloto).","","pcs","25","15625","390625","",""
"rinki_2024_10_26","REVISED","Fire Fighting","13",,,"37","Providing & Fixing of installation control valve with turbine type automatic Alarm Gong to be connected with control valve, drain & test valve all flanged connections as per manufacturer's specifications complete. (Make : Kirloskar)","providing_fixing_of_installation_control_valve_w","Providing & Fixing of installation control valve with turbine type automatic Ala","Providing & fixing cast iron Butterfly Valve Complete with MS flange nuts and bolts rubber insertion as required ISI make. (Make : Kartar/ Zoloto).","","pcs","25","15625","390625","","Kirloskar"
"rinki_2024_10_26","REVISED","Fire Fighting","13",,,"22","Providing and fixing inspectors test assembly complete with test valve, sight glass sectional drain valve, union with corrosion resistant orifice all complete strictly as per drawing. (Make: Zoloto)","providing_and_fixing_inspectors_test_assembly_co","Providing and fixing inspectors test assembly complete with test valve, sight gl","Providing & fixing cast iron Butterfly Valve Complete with MS flange nuts and bolts rubber insertion as required ISI make. (Make : Kartar/ Zoloto).","","pcs","25","15625","390625","","Zoloto"
"rinki_2024_10_26","REVISED","Fire Fighting","13",,,"31","Supply, Erection, Testing & commissioniing of firemans axe with heavy rubber handle .","supply_erection_testing_commissioniing_of_firema","Supply, Erection, Testing & commissioniing of firemans axe with heavy rubber han","Providing & fixing cast iron Butterfly Valve Complete with MS flange nuts and bolts rubber insertion as required ISI make. (Make : Kartar/ Zoloto).","Each","pcs","25","15625","390625","",""
"rinki_2024_10_26","REVISED","Alarm System","14",,,"A","Providing & fixing ISI marked fire extinguishers of ABC type of 4 Kg. capacities complete with horn and value with initial charge as required. ISI mark. (Make: Guarsd / Safe Guards/ Life Guards/ Lightex/ Superex/ Safex).","fire_extinguisher","Fire extinguisher",,"","pcs","4","2500","10000","",""
"rinki_2024_10_26","REVISED","Alarm System","14",,,"B","Supplying and drawing of PVC insulated Copper conductor 2C 1.5 sq. mm including terminating connection etc. as required","supplying_and_drawing_of_pvc_insulated_copper_co","Supplying and drawing of PVC insulated Copper conductor 2C 1.5 sq. mm including",,"","mtr","410","160","65600","",""
"rinki_2024_10_26","REVISED","Alarm System","14",,,"C","Providing & fixing manual call box 16 guage in 100 x 100 mm enclosure with arrangement to raise the alarm when the glazz in manually broken complete as required including hammer.","ms_pipe","MS heavy grade fire pipe",,"","pcs","2","1050","2100","",""
"rinki_2024_10_26","REVISED","Alarm System","14",,,"D","Providing & fixing of DUAL / tone electric fire hooter suitable for wall mounting inside the building for localized warming range of hooter shall be 80 dB to 120 dB.","providing_fixing_of_dual_tone_electric_fire_hoot","Providing & fixing of DUAL / tone electric fire hooter suitable for wall mountin",,"","pcs","2","1050","2100","",""
"rinki_2024_10_26","REVISED","Alarm System","14",,,"E","P/F Heat Detectors with base Complete in all respect. (Make: Agni Protection)","p_f_heat_detectors_with_base_complete_in_all_res","P/F Heat Detectors with base Complete in all respect. (Make: Agni Protection)",,"","pcs","18","1995","35910","","Agni"
"rinki_2024_10_26","REVISED","Alarm System","14",,,"F","P/F Smoke Detectors with base Complete in all respect. (Make: Agni Protection)","p_f_smoke_detectors_with_base_complete_in_all_re","P/F Smoke Detectors with base Complete in all respect. (Make: Agni Protection)",,"","pcs","18","2200","39600","","Agni"
"rinki_2023_10_07","RINKI- final","Dismantling and Debris","1",,,"A","Dismantling and debris of existing partition Walls and site cleaning","dismantling_partitions","Dismantling existing partitions and site cleaning",,"as/Site Visit","lumpsum","1","20000","20000","",""
"rinki_2023_10_07","RINKI- final","Civil Work","2",,,"A","Screeding work","pcc_levelling","PCC / screed for floor levelling",,"providing 1:4 (cement : sand) 100mm thick mortar for existing floor leveling and smooth surface (as/site requirement)","lumpsum","1","300000","300000","",""
"rinki_2023_10_07","RINKI- final","Civil Work","2",,,"B","IPS flooring","ips_flooring","IPS flooring",,"providing 5 to 6mm thick IPS flooring for Carpet Area.","",,,,"",""
"rinki_2023_10_07","RINKI- final","Civil Work","2",,,"C","Brick Work For Toilets And Pantry and cafeteria","brick_work","Brick work for toilets, pantry and cafeteria",,"providing first class brick work with 4.5 and 9"" thick with rough plaster finish for Tile work. (as/drawing) also providing ledge wall for Wall Hung WC Cistern","",,,,"",""
"rinki_2023_10_07","RINKI- final","Civil Work","2",,,"D","RCC Lintel Beam","rcc_lintel","RCC lintel beam",,"providing RCC Lintel Beam For Door Support at +8' lvl","",,,,"",""
"rinki_2023_10_07","RINKI- final","Civil Work","2",,,"E","Water proofing for toilet and Pantry","waterproofing","Waterproofing for toilet and pantry",,"providing DR. Fixit Water proofing chemical for toilets and pantry","",,,,"",""
"rinki_2023_10_07","RINKI- final","Civil Work","2",,,"F","plaster work","plaster_work","Cement plaster",,"providing 1:4 (cement : sand) 12mm thick plaster on existing wall (as/site)","",,,,"",""
"rinki_2023_10_07","RINKI- final","Civil Work","2",,,"G","granite Ledge for Balcony area","granite_ledge","Granite ledge",,"18- 25 mm thick granite ledge for Balcony area","",,,,"",""
"rinki_2023_10_07","RINKI- final","Civil Work","2",,,"E","Raised Floor For Pantry + Café + Server Room","raised_floor","Raised PCC floor",,"100mm high PCC floor for raised plateform for 75mm pipes for water line","",,,,"",""
"rinki_2023_10_07","RINKI- final","Flooring","3",,,"A","Floor Tiles","vitrified_floor_tiles","Vitrified floor tiles",,"Providing Fixing of (4'x2' , 8"" x 4' ) vitrified Tile with labour and required fixing material. As/3D theme and design Make - Kajaria,Somani, Varmoura,Granicer same as other Tile Cost - up to 80/- sqft.","sqft","4000","170","680000","","Kajaria; Somani; Varmora; Granicer"
"rinki_2023_10_07","RINKI- final","Flooring","3",,,"B","balcony's Floor Tiles (6 nos.)","vitrified_floor_tiles","Vitrified floor tiles",,"Providing Fixing of (1'x1/18""x18"" / 8"" x 4' ) vitrified Tile with labour and required fixing material. As/3D theme and design Make - Kajaria,Somani, Varmoura,Granicer same as other Tile Cost - up to 70/- sqft.","sqft","450","150","67500","","Kajaria; Somani; Varmora; Granicer"
"rinki_2023_10_07","RINKI- final","Partition and Glass","4",,,"A","75mm thick Gypsum Partition (as/layout) (up to Ceiling 13' high As/site)","gypsum_partition","Gypsum partition",,"providing and fixing of gypsum partition (50mm x 50 mm GI section with both side 12mm gypsum board with joint plaster)","sqft","2500","95","237500","",""
"rinki_2023_10_07","RINKI- final","Partition and Glass","4",,,"B","12mm thick toughened glass Door with Required black profile channel with Fittings (as/layout)","glass_door","Toughened glass door",,"","pcs","17","21000","357000","",""
"rinki_2023_10_07","RINKI- final","Partition and Glass","4",,,"C","12mm thick toughened glass partition with black powder coated profile with glass (as/layout) (up to 8' high from floor finish lvl)","glass_partition","Toughened glass partition",,"12mm thick toughened Glass partition with Required Fittings (Make - saint Gobain,Modi same as other) note - existing front glass will remain same","sqft","900","650","585000","","Saint Gobain; Modi"
"rinki_2023_10_07","RINKI- final","Partition and Glass","4",,,"D","frosted film on glass partiton ( 4 feet high )","frosted_film_on_glass_partiton_4_feet_high","frosted film on glass partiton ( 4 feet high )",,"as/design","sqft","1000","40","40000","",""
"rinki_2023_10_07","RINKI- final","Toilet and Wet Areas","5","Director Cabin","5","A","Floor and Wall Tiles","toilet_tiles","Toilet floor and wall tiles",,"Providing Fixing of (2'x2', 12""x18"", 12""x12"" ) vitrified Tile with labour and required fixing material. (Make - Somani,Kajaria,vamoura,same as other brand)","pcs","300","150","45000","","Kajaria; Somani"
"rinki_2023_10_07","RINKI- final","Toilet and Wet Areas","5","Director Cabin","5","B","Fixtures for toilet","toilet_fixtures","Toilet fixtures set",,"1. Wall mounted WC (jaquar) with cistern + flush plate (GROHE GD- 2) 2. Table top basin with diverter (MAKE - JAQUAR BASIC MODEL) 3. wall mirror with light 4. Vanity with granite top with below storage 5. health Faucet 6. toilet paper Holder (Stainless steel heavy duty)","pcs","1","60000","60000","","Jaquar; Grohe"
"rinki_2023_10_07","RINKI- final","Toilet and Wet Areas","5","Director Cabin","5","C","New Bathroom's pvc installation fittings + labour charges with required items.","toilet_plumbing","Bathroom PVC plumbing installation",,"providing fitting and fixing of new pvc pipeline fittings for bathroom fixtures with required items. MAKE - Prince/ Prakash/Finolex same as other","pcs","1","25000","25000","","Prince; Prakash; Finolex"
"rinki_2023_10_07","RINKI- final","Suspended Ceiling","6",,,"A","GYPSUM board ceiling with cove (as/disussed )","gypsum_ceiling","Gypsum ceiling",,"providing and fixing of Gypsum Board ceiling with required ISI GI channel cevered with 12mm thick gypsum board with required fittings.","sqft","4300","90","387000","",""
"rinki_2023_10_07","RINKI- final","Suspended Ceiling","6",,,"B","Rafter ceiling in reception area","rafter_ceiling_in_reception_area","Rafter ceiling in reception area",,"as/design","sqft","135","450","60750","",""
"rinki_2023_10_07","RINKI- final","Electrical Works","7",,,"A","ELECTRICAL WORKS FOR COMPLETE OFFICE (as/drawing and 3D design)","electrical_complete","Electrical works for complete area",,"providing fitting and Fixing of False ceiling's wiring,pvc conduiting, switch Board, LED Strips for cove and recessed light for false ceiling, MCB, Distribution Board, 2 - 3 electrical point on work + 4 electrical points in cabin + COVE LIGHT , Cove Strip, Profile Light, Hanging Light other required work (Excluding items from our scope - Fan, Geyser,R.O.,chandelier, earthing's wiring ) Make - polycab/Havells for wiring + GM/L&T/ for switches + Syska/Crompton/ Philips For Resecced Ceiling Light .","sqft","3200","235","752000","","Polycab; Crompton; Philips"
"rinki_2023_10_07","RINKI- final","Paint Works","8",,,"A","Walls + Partition And Ceiling's Paint work for complete office area with required putty work","paint_complete","Paint work for walls, partitions and ceiling",,"MAKE - Asian Plastic Paint/Burger (plastic paint)","sqft","9000","28","252000","","Asian"
"rinki_2023_10_07","RINKI- final","Furniture","9","Reception","9A","A","waiting area sofa set","waiting_sofa","Waiting / lounge sofa",,"AS/3D DESIGN","seat","4","8000","32000","",""
"rinki_2023_10_07","RINKI- final","Furniture","9","Reception","9A","B","2 seater sofa","waiting_sofa","Waiting / lounge sofa",,"AS/3D DESIGN","seat","2","10000","20000","",""
"rinki_2023_10_07","RINKI- final","Furniture","9","Reception","9A","C","Coffee table ( 3'x3' )","coffee_table","Coffee table",,"AS/DESIGN","pcs","2","7500","15000","",""
"rinki_2023_10_07","RINKI- final","Furniture","9","Reception","9A","D","Reception counter (as/3D design)","reception_counter","Reception counter / table",,"Made of 19mm thick ply/blockboard/HDHMR with laminate finish bith side with required fittings ( SIZE - 8' wide x 4' high x 3' Depth )","pcs","1","37500","37500","",""
"rinki_2023_10_07","RINKI- final","Furniture","9","Reception","9A","E","Reception chair","reception_chair","Reception chair",,"as/selection","pcs","1","6000","6000","",""
"rinki_2023_10_07","RINKI- final","Furniture","9","Meeting Room","9B","A","meeting's table with laminate finish (8feet wide x 4feet width x 2.5 feet high)","meeting_table","Meeting table",,"made of powder coated MS frame(internal) with wooden laminted top with laquered glass","pcs","1","30000","30000","",""
"rinki_2023_10_07","RINKI- final","Furniture","9","Meeting Room","9B","B","meeting table's chairs","meeting_chair","Meeting chair",,"up to 5000/- per seat","pcs","6","5000","30000","",""
"rinki_2023_10_07","RINKI- final","Furniture","9","Pantry","9C","A","wooden storage below the pantry's slab","below_storage","Wooden storage below counter",,"Made of 19mm thick ply/blockboard/HDHMR with laminate finish bith side with required fittings (SIZE - 6' wide x 3' high x 2' Depth)","sqft","18","1000","18000","",""
"rinki_2023_10_07","RINKI- final","Furniture","9","Pantry","9C","A","0ver head storage above the pantry's slab","0ver_head_storage_above_the_pantry_s_slab","0ver head storage above the pantry's slab",,"Made of 19mm thick ply/blockboard/HDHMR with laminate finish bith side with required fittings (SIZE - 6' wide x 3' high x 1' Depth)","sqft","18","1000","18000","",""
"rinki_2023_10_07","RINKI- final","Furniture","9","Pantry","9C","B","granite top","granite_top","Granite counter top",,"19mm thick granite top with required fixing labour and material. Granite base rate - 150/- sq ft","sqft","15","300","4500","",""
"rinki_2023_10_07","RINKI- final","Furniture","9","Pantry","9C","C","pantry wall tile above slab (2' high) to upper head storage + wall tiles behind the refrigerator and WD (up to 5' high)","pantry_wall_tile","Pantry wall tiles",,"Providing Fixing of (2'x2', 12""x18"", 12""x12"" ) vitrified Tile with labour and required fixing material. (Make - Somani,Kajaria,vamoura,same as other brand)","sqft","100","150","15000","","Kajaria; Somani"
"rinki_2023_10_07","RINKI- final","Furniture","9","Pantry","9C","D","sink + mixture and required plumbing installation labour and their material","sink_mixer","Sink, mixer and plumbing",,"sink cost - up to 5000/- wall mixture - up to 3000/-","lumpsum","1","12000","12000","",""
"rinki_2023_10_07","RINKI- final","Furniture","9","Cafeteria","9D","A","wooden storage below the sink's granite counter and Over head Storage","below_storage","Wooden storage below counter",,"Made of 19mm thick ply/blockboard/HDHMR with laminate finish bith side with required fittings (SIZE - 6' wide x 3' high x 2' Depth)","sqft","36","1000","36000","",""
"rinki_2023_10_07","RINKI- final","Furniture","9","Cafeteria","9D","B","granite top for 2 slab","granite_top","Granite counter top",,"19mm thick granite top with required fixing labour and material. Granite base rate - 150/- sq ft","sqft","50","300","15000","",""
"rinki_2023_10_07","RINKI- final","Furniture","9","Cafeteria","9D","C","pantry wall tile above slab (2' high) to upper head storage + wall tiles behind the refrigerator and WD (up to 5' high)","pantry_wall_tile","Pantry wall tiles",,"Providing Fixing of (2'x2', 12""x18"", 12""x12"" ) vitrified Tile with labour and required fixing material. (Make - Somani,Kajaria,vamoura,same as other brand)","sqft","150","150","22500","","Kajaria; Somani"
"rinki_2023_10_07","RINKI- final","Furniture","9","Cafeteria","9D","D","sink + mixture and required plumbing installation labour and their material","sink_mixer","Sink, mixer and plumbing",,"sink cost - up to 5000/- wall mixture - up to 3000/-","lumpsum","1","12000","12000","",""
"rinki_2023_10_07","RINKI- final","Furniture","9","Cafeteria","9D","F","pantry's stools","pantry_s_stools","pantry's stools",,"up to 3000/-per pcs","pcs","6","3000","18000","",""
"rinki_2023_10_07","RINKI- final","Furniture","9","Workstation Area","9E","A","workstation's table with laminate finish top (size - 3.5' wide x 2' depth )","workstation","Workstation",,"made of powder coated MS frame structure (internal) with wooden laminted top.","pcs","53","7000","371000","",""
"rinki_2023_10_07","RINKI- final","Furniture","9","Workstation Area","9E","B","workstation's chair","office_chair","Office / workstation chair",,"up to 4500/- per seat","pcs","53","4500","238500","",""
"rinki_2023_10_07","RINKI- final","Furniture","9","Workstation Area","9E","D","low height division storage (5 feet wide x 4 feet high x 1 feet deep)","low_height_division_storage_5_feet_wide_x_4_feet","low height division storage (5 feet wide x 4 feet high x 1 feet deep)",,"structure made of MS and box made of wooden. As/design","pcs","6","15000","90000","",""
"rinki_2023_10_07","RINKI- final","Furniture","9","Workstation Area","9E","E","2 sofa seat for informal area","2_sofa_seat_for_informal_area","2 sofa seat for informal area",,"as/3d design","pcs","2","10000","20000","",""
"rinki_2023_10_07","RINKI- final","Furniture","9","Workstation Area","9E","F","Wall Display Storage (8 feet high x 8 feet wide)","wall_display_storage_8_feet_high_x_8_feet_wide","Wall Display Storage (8 feet high x 8 feet wide)",,"made of MS pipe with wooden planter as/design","sqft","64","1000","64000","",""
"rinki_2023_10_07","RINKI- final","Furniture","9","Cabin","9G","A","boss's table + side table storage (size - 5' wide x 3' depth x 2.5 feet high )","side_table","Side table",,"made of powder coated MS frame(internal) with wooden laminted top with laquered glass","pcs","3","27500","82500","",""
"rinki_2023_10_07","RINKI- final","Furniture","9","Cabin","9G","B","Cabin's head chair","cabin_chair","Cabin / director chair",,"up to 7500/- per seat","pcs","3","7500","22500","",""
"rinki_2023_10_07","RINKI- final","Furniture","9","Cabin","9G","C","Cabin's visitor chair","visitor_chair","Visitor chair",,"up to 4500/- per seat","pcs","6","4500","27000","23'(L)x13'(W)=299",""
"rinki_2023_10_07","RINKI- final","Furniture","9","Cabin","9H","A","workstation's table with laminate finish top (size - 3.5' wide x 2' depth )","workstation","Workstation",,"made of powder coated MS frame structure (internal) with wooden laminted top.","pcs","6","7000","42000","",""
"rinki_2023_10_07","RINKI- final","Furniture","9","Cabin","9H","B","workstation's chair","office_chair","Office / workstation chair",,"up to 4500/- per seat","pcs","6","4500","27000","",""
"rinki_2023_10_07","RINKI- final","Furniture","9","Executive Director Cabin","9I","A","cabin's table with laminate finish top (size - 6' wide x 3' depth )","cabin_s_table_with_laminate_finish_top_size_6_wi","cabin's table with laminate finish top (size - 6' wide x 3' depth )",,"made of 19mm thick commerical plywood with laminate finish top.","pcs","1","22500","22500","",""
"rinki_2023_10_07","RINKI- final","Furniture","9","Executive Director Cabin","9I","B","Low height storage (size - 3' wide x 2.5' high x 18"" deep )","low_height_storage_size_3_wide_x_2_5_high_x_18_d","Low height storage (size - 3' wide x 2.5' high x 18"" deep )",,"made of 19mm thick commerical plywood with laminate finish with two drawer + one shutter below","pcs","1","7500","7500","23'(L)x13'(W)=300",""
"rinki_2023_10_07","RINKI- final","Furniture","9","Executive Director Cabin","9I","C","Director's chair","cabin_chair","Cabin / director chair",,"up to 10000/- per seat","pcs","1","10000","10000","",""
"rinki_2023_10_07","RINKI- final","Furniture","9","Executive Director Cabin","9I","D","visitor chair","visitor_chair","Visitor chair",,"up to 4500/- per seat","pcs","3","4500","13500","23'(L)x13'(W)=299",""
"rinki_2023_10_07","RINKI- final","Furniture","9","Executive Director Cabin","9I","E","sofa set","waiting_sofa","Waiting / lounge sofa",,"as/design","pcs","2","10000","20000","23'(L)x13'(W)=300",""
"rinki_2023_10_07","RINKI- final","Furniture","9","Director Cabin","9J","A","cabin's table with laminate finish top (size - 7' wide x 3' depth )","cabin_s_table_with_laminate_finish_top_size_7_wi","cabin's table with laminate finish top (size - 7' wide x 3' depth )",,"made of 19mm thick commerical plywood with laminate finish top.","pcs","1","25000","25000","",""
"rinki_2023_10_07","RINKI- final","Furniture","9","Director Cabin","9J","B","Low height storage (size - 4' wide x 2.5' high x 18"" deep )","low_height_storage_size_4_wide_x_2_5_high_x_18_d","Low height storage (size - 4' wide x 2.5' high x 18"" deep )",,"made of 19mm thick commerical plywood with laminate finish with two drawer + one shutter below","pcs","1","10000","10000","23'(L)x13'(W)=300",""
"rinki_2023_10_07","RINKI- final","Furniture","9","Director Cabin","9J","C","Director's chair","cabin_chair","Cabin / director chair",,"up to 10000/- per seat","pcs","1","10000","10000","",""
"rinki_2023_10_07","RINKI- final","Furniture","9","Director Cabin","9J","D","visitor chair","visitor_chair","Visitor chair",,"up to 4500/- per seat","pcs","3","4500","13500","23'(L)x13'(W)=299",""
"rinki_2023_10_07","RINKI- final","Furniture","9","Director Cabin","9J","E","sofa set","waiting_sofa","Waiting / lounge sofa",,"as/design","pcs","3","10000","30000","23'(L)x13'(W)=300",""
"rinki_2023_10_07","RINKI- final","Furniture","9","Director Cabin","9J","F","Coffee table (3' x 3' )","coffee_table","Coffee table",,"as/design","pcs","2","7500","15000","",""
"rinki_2023_10_07","RINKI- final","Furniture","9","Director Cabin","9J","G","Table's Back Wall Storage (8' high x 6.5' wide)","wall_storage","Wall storage",,"as/design","sqft","52","1000","52000","",""
"rinki_2023_10_07","RINKI- final","Furniture","9","Director Cabin","9K","A","Director's table with laminate finish top (size - 7' wide x 3' depth )","director_table","Director / MD table",,"made of powder coated MS frame(internal) with wooden laminted top with laquered glass","pcs","1","25000","25000","",""
"rinki_2023_10_07","RINKI- final","Furniture","9","Director Cabin","9K","B","Low height storage (size - 3' wide x 2.5' high x 18"" deep )","low_height_storage_size_3_wide_x_2_5_high_x_18_d","Low height storage (size - 3' wide x 2.5' high x 18"" deep )",,"made of 19mm thick commerical plywood with laminate finish with two drawer + one shutter below","pcs","1","7500","7500","23'(L)x13'(W)=300",""
"rinki_2023_10_07","RINKI- final","Furniture","9","Director Cabin","9K","C","Director's chair","cabin_chair","Cabin / director chair",,"up to 10000/- per seat","pcs","1","10000","10000","",""
"rinki_2023_10_07","RINKI- final","Furniture","9","Director Cabin","9K","D","visitor chair","visitor_chair","Visitor chair",,"up to 4500/- per seat","pcs","3","4500","13500","23'(L)x13'(W)=299",""
"rinki_2023_10_07","RINKI- final","Furniture","9","Director Cabin","9K","E","sofa set","waiting_sofa","Waiting / lounge sofa",,"as/design","pcs","3","10000","30000","23'(L)x13'(W)=300",""
"rinki_2023_10_07","RINKI- final","Furniture","9","Director Cabin","9K","F","Coffee table (3' x 3' )","coffee_table","Coffee table",,"as/design","pcs","2","7500","15000","",""
"rinki_2023_10_07","RINKI- final","Furniture","9","Director Cabin","9K","G","2 seater sofa","waiting_sofa","Waiting / lounge sofa",,"as/design","sqft","2","10000","20000","",""
"rinki_2023_10_07","RINKI- final","Furniture","9","Director Cabin","9K","H","Wall Storage (8' high x 4' wide)","wall_storage","Wall storage",,"as/design","sqft","32","1000","32000","",""
"rinki_2023_10_07","RINKI- final","Civil Work","10",,,"A","POP wall plaster and Exising Pop plaster or punning","plaster_work","Cement plaster",,"leveling and smmoth surface + piller","sqft","2000","30","60000","",""
"rinki_2023_10_07","RINKI- final","Window Treatments","10",,,"B","Rollers Blinds (for external glazing glass)","window_blinds","Window / roller blinds",,"Make -winfab, vista, hightech ,same as other","sqft","600","150","90000","",""
"rinki_2023_10_07","RINKI- final","System Integration","11",,,"A","CCTV fittings with 6 camera excluding TFT Screen","cctv_fittings_with_6_camera_excluding_tft_screen","CCTV fittings with 6 camera excluding TFT Screen",,"providing fitting and fixing of 6 CCTV camara with required DVR Box ,wiring, Night vision Camara. Without lcd Screen","lumpsum","1","200000","200000","",""
"rinki_2023_10_07","RINKI- final","System Integration","11",,,"B","HDMI cabling for 3 Director Cabin","hdmi_cabling_for_3_director_cabin","HDMI cabling for 3 Director Cabin",,"for LCD screen","",,,,"",""
"rinki_2023_10_07","RINKI- final","System Integration","11",,,"C","KAT 6 wiring for Networking","kat_6_wiring_for_networking","KAT 6 wiring for Networking",,"For work station + cabins + other","",,,,"",""
"rinki_2023_10_07","RINKI- final","System Integration","11",,,"D","Biometric punching machine with Fittings","biometric_punching_machine_with_fittings","Biometric punching machine with Fittings",,"500 person capacity","",,,,"",""
"rinki_2023_10_07","RINKI- final","HVAC","12",,,"A","2 AIR HANDLING UNITS (AHU) 5000 CFM DS 4RD 50mm STATIC :- Make - (ZECO/edgtech) Supply, testing, of double skin air handling unit Casing of air handling unit shall be in double skin construction, inner skin Shall be construction out of 24 gauge plain GS sheet& outer skin in 24 gauge pre-plasticized GS sheet sand witched between 25mm thick Injected PU foam insulation of density not less than 40 kg/Cum and Inspection door, fan section complete with forward curved type centrifugal Fan, and 3 phase squirrel cage induction motor with belt drive drive packag,Coil section with multi row deep chilled and aluminum fins contraction having wall thickness of tubes not less 0.4 mm face velocity across cooling coil shall not exceed 500 FPM, filter section complete with 50 mm thick Washable synthetic fiber filter.","ahu_supply","AHU supply and installation",,"","sqft","3200","325","1040000","","Zeco"
"rinki_2023_10_07","RINKI- final","HVAC","12",,,"B","2 CHILLED WATER PIPING : MAKE - (jindal) Suppling,installation,testing and commissioning of M S heavy C -class piping Insulation with closed cell insulation of 25 mm thick 32mm 3. Y-STRAINER FOR AHUs PIPE LINE : MAKE - (sant/flowell) Supply,installction,testing and commissioning of following ‘Y strainers for Air handling units 32mm 4. Suppling,installing,testing and commissioning of following Ball valves one With Y strainers and other without strainer for AHU Pipe line in let and out let 15mm dia 5. DUCTWORK/AIR TERMINALS : MAKE - (jindal/sail) Supply, fabrication, installation, and testing of sheet metal ducts complete. Hanging arrangement including check nuts in Accordance with the approved shop drawing and specifications etc. 0.63mm (24gauge) GSS 7 Supply & fixing of :- Diffuser with damper (300x300) 8 INSULACTION :- 6 mm Naital rubber (Aflex/accoflex) 9 FLEXIBLE CANVASS CONNECTION:- Supply, installation and testing of 125 MM deep ant vibration flexible Joint at the outlet of packaged unites 10 AHU machine motor starter panel 11 AHU machine installation charge 12 AHU machine transportation and lifting charge","ahu_supply","AHU supply and installation",,"","",,,,"","Jindal"
"rinki_2023_10_07","RINKI- final","Fire Fighting","13",,,"A","Providing laying, jointly and testing of Heavy grade MS Pipe ISI Marked 1239 with special accessories such as tees, elbows, nut and bolts with welded joints including cutting & making iron clamps, bracket with metal fastener and painting with 2 Coats of synthetic paint etc. complete as required pipes. - 65 MM DIA","ms_pipe","MS heavy grade fire pipe","Providing laying, jointly and testing of Heavy grade MS Pipe ISI Marked 1239 with special accessories such as tees, elbows, nut and bolts with welded joints including cutting & making iron clamps, bracket with metal fastener and painting with 2 Coats of synthetic paint etc. complete as required pipes.","","mtr","6","1315","7890","",""
"rinki_2023_10_07","RINKI- final","Fire Fighting","13",,,"B","Providing laying, jointly and testing of Heavy grade MS Pipe ISI Marked 1239 with special accessories such as tees, elbows, nut and bolts with welded joints including cutting & making iron clamps, bracket with metal fastener and painting with 2 Coats of synthetic paint etc. complete as required pipes. - 50 MM DIA","ms_pipe","MS heavy grade fire pipe","Providing laying, jointly and testing of Heavy grade MS Pipe ISI Marked 1239 with special accessories such as tees, elbows, nut and bolts with welded joints including cutting & making iron clamps, bracket with metal fastener and painting with 2 Coats of synthetic paint etc. complete as required pipes.","","mtr","12","825","9900","",""
"rinki_2023_10_07","RINKI- final","Fire Fighting","13",,,"C","Providing laying, jointly and testing of Heavy grade MS Pipe ISI Marked 1239 with special accessories such as tees, elbows, nut and bolts with welded joints including cutting & making iron clamps, bracket with metal fastener and painting with 2 Coats of synthetic paint etc. complete as required pipes. - 25 MM DIA","ms_pipe","MS heavy grade fire pipe","Providing laying, jointly and testing of Heavy grade MS Pipe ISI Marked 1239 with special accessories such as tees, elbows, nut and bolts with welded joints including cutting & making iron clamps, bracket with metal fastener and painting with 2 Coats of synthetic paint etc. complete as required pipes.","","mtr","48","525","25200","",""
"rinki_2023_10_07","RINKI- final","Fire Fighting","13",,,"9","MS door frame 1200x2100 door capable of accommodating fire hose reel, landing valve, hose pipes, fittings & accessories. The door shall have a front glass with lock and key arrangement & shall be painted with post office red colour (approval shall be taken on the basis of submitted sample before ordering) Cost of fire extinguishers not included in item rate. (Liasioing with civil contractor for making 1200x600x2100 Recessed type mansoary box (by civil contractor).","fire_extinguisher","Fire extinguisher","Providing laying, jointly and testing of Heavy grade MS Pipe ISI Marked 1239 with special accessories such as tees, elbows, nut and bolts with welded joints including cutting & making iron clamps, bracket with metal fastener and painting with 2 Coats of synthetic paint etc. complete as required pipes.","Each","5","11500","57500","661250000","",""
"rinki_2023_10_07","RINKI- final","Fire Fighting","13",,,"A","Providing & fixing cast iron Butterfly Valve Complete with MS flange nuts and bolts rubber insertion as required ISI make. (Make : Kartar/ Zoloto). - 65mm bore","butterfly_valve","Cast iron butterfly valve","Providing & fixing cast iron Butterfly Valve Complete with MS flange nuts and bolts rubber insertion as required ISI make. (Make : Kartar/ Zoloto).","","pcs","1","3725","3725","",""
"rinki_2023_10_07","RINKI- final","Fire Fighting","13",,,"13C","P/F S.S Flexable Pipe 1000mm For Sprinklers Pipe Adjust Ceiling Lable as Per Direction with Accessories Complete in all respect.","downward_sprinkler","Ceiling downward flexible sprinkler","Providing & fixing cast iron Butterfly Valve Complete with MS flange nuts and bolts rubber insertion as required ISI make. (Make : Kartar/ Zoloto).","","pcs","18","2695","48510","",""
"rinki_2023_10_07","RINKI- final","Fire Fighting","13",,,"17","Providing & fixing mechanical foam type fire extinguisher 9 ltrs. (ISI marked. (Make: Guarsd / Safe Guards/ Life Guards/ Lightex/ Superex/ Safex).","fire_extinguisher","Fire extinguisher","Providing & fixing cast iron Butterfly Valve Complete with MS flange nuts and bolts rubber insertion as required ISI make. (Make : Kartar/ Zoloto).","EACH","pcs","2875",,,"",""
"rinki_2023_10_07","RINKI- final","Fire Fighting","13",,,"18","Providing & fixing of water pressure gas type fire extinguishers of 6 ltr. Capacity complete with initial charges and ISI Marked. (Make: Guarsd / Safe Guards/ Life Guards/ Lightex/ Superex/ Safex).","fire_extinguisher","Fire extinguisher","Providing & fixing cast iron Butterfly Valve Complete with MS flange nuts and bolts rubber insertion as required ISI make. (Make : Kartar/ Zoloto).","EACH","pcs","2475",,,"",""
"rinki_2023_10_07","RINKI- final","Fire Fighting","13",,,"25","P/F Terraces Pump Panel 16 Gauge Complete in all respect.","p_f_terraces_pump_panel_16_gauge_complete_in_all","P/F Terraces Pump Panel 16 Gauge Complete in all respect.","Providing & fixing cast iron Butterfly Valve Complete with MS flange nuts and bolts rubber insertion as required ISI make. (Make : Kartar/ Zoloto).","SET.","pcs","12500",,,"",""
"rinki_2023_10_07","RINKI- final","Fire Fighting","13",,,"26","Providing, laying, testing and commissioning of MS heavy Grade ERW pipes for underground applications confirming to IS: 1239 / IS : 3589 with necessary flanges and fittings such as elbows and as elbows and tees with a primer coat along with wrapping and coating of pipe PYPCOYE 4 mm thick conforming to IS:10221. If required excavation all the type soils refilling the trenches to same finish. Holidays test shall be curried out to check for proper workmanship on the laying of all underground piping.(MAKE ; PIPE COATE)","providing_laying_testing_and_commissioning_of_ms","Providing, laying, testing and commissioning of MS heavy Grade ERW pipes for und","Providing & fixing cast iron Butterfly Valve Complete with MS flange nuts and bolts rubber insertion as required ISI make. (Make : Kartar/ Zoloto).","","pcs",,,,"",""
"rinki_2023_10_07","RINKI- final","Fire Fighting","13",,,"13D","Providing & Fixing 15 mm dia gun metal (Pendent Type) sprinkle head with quartz bulb complete with all respect","upside_sprinkler","Upright sprinkler","Providing & fixing cast iron Butterfly Valve Complete with MS flange nuts and bolts rubber insertion as required ISI make. (Make : Kartar/ Zoloto).","","pcs","25","700","17500","",""
"rinki_2023_10_07","RINKI- final","Fire Fighting","13",,,"23","Providing testing and commissioning of the installation control valve including with following fittings, (Make : Kirloskar).","providing_testing_and_commissioning_of_the_insta","Providing testing and commissioning of the installation control valve including","Providing & fixing cast iron Butterfly Valve Complete with MS flange nuts and bolts rubber insertion as required ISI make. (Make : Kartar/ Zoloto).","","pcs","25","15625","390625","","Kirloskar"
"rinki_2023_10_07","RINKI- final","Fire Fighting","13",,,"23","Providing & fixing double flanged flexicon expansion joint with unit control of standard length as per maufacturers specs tested to a pressure of 20Kg/Sqcm including rubber gaskets, flanges, nuts, bolts and washers complete as required.","providing_fixing_double_flanged_flexicon_expansi","Providing & fixing double flanged flexicon expansion joint with unit control of","Providing & fixing cast iron Butterfly Valve Complete with MS flange nuts and bolts rubber insertion as required ISI make. (Make : Kartar/ Zoloto).","","pcs","25","15625","390625","",""
"rinki_2023_10_07","RINKI- final","Fire Fighting","13",,,"32","Providing, fixing, testing & commissioning of MS air cushion tank on top of each riser fabricated from 8mm thick MS plate,250 mm in diameter and 1.2 m in height with dished ends fabricated from 10mm thick MS sheet,2coats of synthetic enamel paint over a coat of primer with Air release valve with stop cock, flanged inlet connection and drain arrangement with 25mm dia valve, pressure guage with gun metal stop cock complete with all accessories as required.","ms_pipe","MS heavy grade fire pipe","Providing & fixing cast iron Butterfly Valve Complete with MS flange nuts and bolts rubber insertion as required ISI make. (Make : Kartar/ Zoloto).","Each","pcs","25","15625","390625","",""
"rinki_2023_10_07","RINKI- final","Fire Fighting","13",,,"32","Providing & Fixing Nipple Down Complete in all respect.","providing_fixing_nipple_down_complete_in_all_res","Providing & Fixing Nipple Down Complete in all respect.","Providing & fixing cast iron Butterfly Valve Complete with MS flange nuts and bolts rubber insertion as required ISI make. (Make : Kartar/ Zoloto).","","pcs","25","15625","390625","",""
"rinki_2023_10_07","RINKI- final","Fire Fighting","13",,,"37","Providing & Fixing of installation control valve with turbine type automatic Alarm Gong to be connected with control valve, drain & test valve all flanged connections as per manufacturer's specifications complete. (Make : Kirloskar)","providing_fixing_of_installation_control_valve_w","Providing & Fixing of installation control valve with turbine type automatic Ala","Providing & fixing cast iron Butterfly Valve Complete with MS flange nuts and bolts rubber insertion as required ISI make. (Make : Kartar/ Zoloto).","","pcs","25","15625","390625","","Kirloskar"
"rinki_2023_10_07","RINKI- final","Fire Fighting","13",,,"22","Providing and fixing inspectors test assembly complete with test valve, sight glass sectional drain valve, union with corrosion resistant orifice all complete strictly as per drawing. (Make: Zoloto)","providing_and_fixing_inspectors_test_assembly_co","Providing and fixing inspectors test assembly complete with test valve, sight gl","Providing & fixing cast iron Butterfly Valve Complete with MS flange nuts and bolts rubber insertion as required ISI make. (Make : Kartar/ Zoloto).","","pcs","25","15625","390625","","Zoloto"
"rinki_2023_10_07","RINKI- final","Fire Fighting","13",,,"31","Supply, Erection, Testing & commissioniing of firemans axe with heavy rubber handle .","supply_erection_testing_commissioniing_of_firema","Supply, Erection, Testing & commissioniing of firemans axe with heavy rubber han","Providing & fixing cast iron Butterfly Valve Complete with MS flange nuts and bolts rubber insertion as required ISI make. (Make : Kartar/ Zoloto).","Each","pcs","25","15625","390625","",""
"rinki_2023_10_07","RINKI- final","Alarm System","14",,,"A","Providing & fixing ISI marked fire extinguishers of ABC type of 4 Kg. capacities complete with horn and value with initial charge as required. ISI mark. (Make: Guarsd / Safe Guards/ Life Guards/ Lightex/ Superex/ Safex).","fire_extinguisher","Fire extinguisher",,"","pcs","4","2500","10000","",""
"rinki_2023_10_07","RINKI- final","Alarm System","14",,,"B","Supplying and drawing of PVC insulated Copper conductor 2C 1.5 sq. mm including terminating connection etc. as required","supplying_and_drawing_of_pvc_insulated_copper_co","Supplying and drawing of PVC insulated Copper conductor 2C 1.5 sq. mm including",,"","mtr","410","160","65600","",""
"rinki_2023_10_07","RINKI- final","Alarm System","14",,,"C","Providing & fixing manual call box 16 guage in 100 x 100 mm enclosure with arrangement to raise the alarm when the glazz in manually broken complete as required including hammer.","ms_pipe","MS heavy grade fire pipe",,"","pcs","2","1050","2100","",""
"rinki_2023_10_07","RINKI- final","Alarm System","14",,,"D","Providing & fixing of DUAL / tone electric fire hooter suitable for wall mounting inside the building for localized warming range of hooter shall be 80 dB to 120 dB.","providing_fixing_of_dual_tone_electric_fire_hoot","Providing & fixing of DUAL / tone electric fire hooter suitable for wall mountin",,"","pcs","2","1050","2100","",""
"rinki_2023_10_07","RINKI- final","Alarm System","14",,,"E","P/F Heat Detectors with base Complete in all respect. (Make: Agni Protection)","p_f_heat_detectors_with_base_complete_in_all_res","P/F Heat Detectors with base Complete in all respect. (Make: Agni Protection)",,"","pcs","18","1995","35910","","Agni"
"rinki_2023_10_07","RINKI- final","Alarm System","14",,,"F","P/F Smoke Detectors with base Complete in all respect. (Make: Agni Protection)","p_f_smoke_detectors_with_base_complete_in_all_re","P/F Smoke Detectors with base Complete in all respect. (Make: Agni Protection)",,"","pcs","18","2200","39600","","Agni"
"rinki_2023_10_07_v1","RINKI","Dismantling and Debris","1",,,"A","Dismantling and debris of existing partition Walls and site cleaning","dismantling_partitions","Dismantling existing partitions and site cleaning",,"as/Site Visit","lumpsum","1","20000","20000","",""
"rinki_2023_10_07_v1","RINKI","Civil Work","2",,,"A","Screeding work","pcc_levelling","PCC / screed for floor levelling",,"providing 1:4 (cement : sand) 100mm thick mortar for existing floor leveling and smooth surface (as/site requirement)","lumpsum","1","300000","300000","",""
"rinki_2023_10_07_v1","RINKI","Civil Work","2",,,"B","IPS flooring","ips_flooring","IPS flooring",,"providing 5 to 6mm thick IPS flooring for Carpet Area.","",,,,"",""
"rinki_2023_10_07_v1","RINKI","Civil Work","2",,,"C","Brick Work For Toilets And Pantry and cafeteria","brick_work","Brick work for toilets, pantry and cafeteria",,"providing first class brick work with 4.5 and 9"" thick with rough plaster finish for Tile work. (as/drawing) also providing ledge wall for Wall Hung WC Cistern","",,,,"",""
"rinki_2023_10_07_v1","RINKI","Civil Work","2",,,"D","RCC Lintel Beam","rcc_lintel","RCC lintel beam",,"providing RCC Lintel Beam For Door Support at +8' lvl","",,,,"",""
"rinki_2023_10_07_v1","RINKI","Civil Work","2",,,"E","Water proofing for toilet and Pantry","waterproofing","Waterproofing for toilet and pantry",,"providing DR. Fixit Water proofing chemical for toilets and pantry","",,,,"",""
"rinki_2023_10_07_v1","RINKI","Civil Work","2",,,"F","plaster work","plaster_work","Cement plaster",,"providing 1:4 (cement : sand) 12mm thick plaster on existing wall (as/site)","",,,,"",""
"rinki_2023_10_07_v1","RINKI","Civil Work","2",,,"G","granite Ledge for Balcony area","granite_ledge","Granite ledge",,"18- 25 mm thick granite ledge for Balcony area","",,,,"",""
"rinki_2023_10_07_v1","RINKI","Civil Work","2",,,"E","Raised Floor For Pantry + Café + Server Room","raised_floor","Raised PCC floor",,"100mm high PCC floor for raised plateform for 75mm pipes for water line","",,,,"",""
"rinki_2023_10_07_v1","RINKI","Flooring","3",,,"A","Floor Tiles","vitrified_floor_tiles","Vitrified floor tiles",,"Providing Fixing of (4'x2' , 8"" x 4' ) vitrified Tile with labour and required fixing material. As/3D theme and design Make - Kajaria,Somani, Varmoura,Granicer same as other Tile Cost - up to 80/- sqft.","sqft","4000","170","680000","","Kajaria; Somani; Varmora; Granicer"
"rinki_2023_10_07_v1","RINKI","Flooring","3",,,"B","balcony's Floor Tiles (6 nos.)","vitrified_floor_tiles","Vitrified floor tiles",,"Providing Fixing of (1'x1/18""x18"" / 8"" x 4' ) vitrified Tile with labour and required fixing material. As/3D theme and design Make - Kajaria,Somani, Varmoura,Granicer same as other Tile Cost - up to 70/- sqft.","sqft","450","150","67500","","Kajaria; Somani; Varmora; Granicer"
"rinki_2023_10_07_v1","RINKI","Partition and Glass","4",,,"A","75mm thick Gypsum Partition (as/layout) (up to Ceiling 13' high As/site)","gypsum_partition","Gypsum partition",,"providing and fixing of gypsum partition (50mm x 50 mm GI section with both side 12mm gypsum board with joint plaster)","sqft","2500","95","237500","",""
"rinki_2023_10_07_v1","RINKI","Partition and Glass","4",,,"B","12mm thick toughened glass Door with Required black profile channel with Fittings (as/layout)","glass_door","Toughened glass door",,"","pcs","17","21000","357000","",""
"rinki_2023_10_07_v1","RINKI","Partition and Glass","4",,,"C","12mm thick toughened glass partition with black powder coated profile with glass (as/layout) (up to 8' high from floor finish lvl)","glass_partition","Toughened glass partition",,"12mm thick toughened Glass partition with Required Fittings (Make - saint Gobain,Modi same as other) note - existing front glass will remain same","sqft","900","650","585000","","Saint Gobain; Modi"
"rinki_2023_10_07_v1","RINKI","Partition and Glass","4",,,"D","frosted film on glass partiton ( 4 feet high )","frosted_film_on_glass_partiton_4_feet_high","frosted film on glass partiton ( 4 feet high )",,"as/design","sqft","1000","40","40000","",""
"rinki_2023_10_07_v1","RINKI","Toilet and Wet Areas","5","Director Cabin","5","A","Floor and Wall Tiles","toilet_tiles","Toilet floor and wall tiles",,"Providing Fixing of (2'x2', 12""x18"", 12""x12"" ) vitrified Tile with labour and required fixing material. (Make - Somani,Kajaria,vamoura,same as other brand)","pcs","300","150","45000","","Kajaria; Somani"
"rinki_2023_10_07_v1","RINKI","Toilet and Wet Areas","5","Director Cabin","5","B","Fixtures for toilet","toilet_fixtures","Toilet fixtures set",,"1. Wall mounted WC (jaquar) with cistern + flush plate (GROHE GD- 2) 2. Table top basin with diverter (MAKE - JAQUAR BASIC MODEL) 3. wall mirror with light 4. Vanity with granite top with below storage 5. health Faucet 6. toilet paper Holder (Stainless steel heavy duty)","pcs","1","60000","60000","","Jaquar; Grohe"
"rinki_2023_10_07_v1","RINKI","Toilet and Wet Areas","5","Director Cabin","5","C","New Bathroom's pvc installation fittings + labour charges with required items.","toilet_plumbing","Bathroom PVC plumbing installation",,"providing fitting and fixing of new pvc pipeline fittings for bathroom fixtures with required items. MAKE - Prince/ Prakash/Finolex same as other","pcs","1","25000","25000","","Prince; Prakash; Finolex"
"rinki_2023_10_07_v1","RINKI","Suspended Ceiling","6",,,"A","GYPSUM board ceiling with cove (as/disussed )","gypsum_ceiling","Gypsum ceiling",,"providing and fixing of Gypsum Board ceiling with required ISI GI channel cevered with 12mm thick gypsum board with required fittings.","sqft","4300","90","387000","",""
"rinki_2023_10_07_v1","RINKI","Suspended Ceiling","6",,,"B","Rafter ceiling in reception area","rafter_ceiling_in_reception_area","Rafter ceiling in reception area",,"as/design","sqft","135","450","60750","",""
"rinki_2023_10_07_v1","RINKI","Electrical Works","7",,,"A","ELECTRICAL WORKS FOR COMPLETE OFFICE (as/drawing and 3D design)","electrical_complete","Electrical works for complete area",,"providing fitting and Fixing of False ceiling's wiring,pvc conduiting, switch Board, LED Strips for cove and recessed light for false ceiling, MCB, Distribution Board, 2 - 3 electrical point on work + 4 electrical points in cabin + COVE LIGHT , Cove Strip, Profile Light, Hanging Light other required work (Excluding items from our scope - Fan, Geyser,R.O.,chandelier, earthing's wiring ) Make - polycab/Havells for wiring + GM/L&T/ for switches + Syska/Crompton/ Philips For Resecced Ceiling Light .","sqft","3200","235","752000","","Polycab; Crompton; Philips"
"rinki_2023_10_07_v1","RINKI","Paint Works","8",,,"A","Walls + Partition And Ceiling's Paint work for complete office area with required putty work","paint_complete","Paint work for walls, partitions and ceiling",,"MAKE - Asian Plastic Paint/Burger (plastic paint)","sqft","9000","28","252000","","Asian"
"rinki_2023_10_07_v1","RINKI","Furniture","9","Reception","9A","A","waiting area sofa set","waiting_sofa","Waiting / lounge sofa",,"AS/3D DESIGN","seat","4","8000","32000","",""
"rinki_2023_10_07_v1","RINKI","Furniture","9","Reception","9A","B","2 seater sofa","waiting_sofa","Waiting / lounge sofa",,"AS/3D DESIGN","seat","2","10000","20000","",""
"rinki_2023_10_07_v1","RINKI","Furniture","9","Reception","9A","C","Coffee table ( 3'x3' )","coffee_table","Coffee table",,"AS/DESIGN","pcs","2","7500","15000","",""
"rinki_2023_10_07_v1","RINKI","Furniture","9","Reception","9A","D","Reception counter (as/3D design)","reception_counter","Reception counter / table",,"Made of 19mm thick ply/blockboard/HDHMR with laminate finish bith side with required fittings ( SIZE - 8' wide x 4' high x 3' Depth )","pcs","1","37500","37500","",""
"rinki_2023_10_07_v1","RINKI","Furniture","9","Reception","9A","E","Reception chair","reception_chair","Reception chair",,"as/selection","pcs","1","6000","6000","",""
"rinki_2023_10_07_v1","RINKI","Furniture","9","Meeting Room","9B","A","meeting's table with laminate finish (8feet wide x 4feet width x 2.5 feet high)","meeting_table","Meeting table",,"made of powder coated MS frame(internal) with wooden laminted top with laquered glass","pcs","1","30000","30000","",""
"rinki_2023_10_07_v1","RINKI","Furniture","9","Meeting Room","9B","B","meeting table's chairs","meeting_chair","Meeting chair",,"up to 5000/- per seat","pcs","6","5000","30000","",""
"rinki_2023_10_07_v1","RINKI","Furniture","9","Pantry","9C","A","wooden storage below the pantry's slab","below_storage","Wooden storage below counter",,"Made of 19mm thick ply/blockboard/HDHMR with laminate finish bith side with required fittings (SIZE - 6' wide x 3' high x 2' Depth)","sqft","18","1000","18000","",""
"rinki_2023_10_07_v1","RINKI","Furniture","9","Pantry","9C","A","0ver head storage above the pantry's slab","0ver_head_storage_above_the_pantry_s_slab","0ver head storage above the pantry's slab",,"Made of 19mm thick ply/blockboard/HDHMR with laminate finish bith side with required fittings (SIZE - 6' wide x 3' high x 1' Depth)","sqft","18","1000","18000","",""
"rinki_2023_10_07_v1","RINKI","Furniture","9","Pantry","9C","B","granite top","granite_top","Granite counter top",,"19mm thick granite top with required fixing labour and material. Granite base rate - 150/- sq ft","sqft","15","300","4500","",""
"rinki_2023_10_07_v1","RINKI","Furniture","9","Pantry","9C","C","pantry wall tile above slab (2' high) to upper head storage + wall tiles behind the refrigerator and WD (up to 5' high)","pantry_wall_tile","Pantry wall tiles",,"Providing Fixing of (2'x2', 12""x18"", 12""x12"" ) vitrified Tile with labour and required fixing material. (Make - Somani,Kajaria,vamoura,same as other brand)","sqft","100","150","15000","","Kajaria; Somani"
"rinki_2023_10_07_v1","RINKI","Furniture","9","Pantry","9C","D","sink + mixture and required plumbing installation labour and their material","sink_mixer","Sink, mixer and plumbing",,"sink cost - up to 5000/- wall mixture - up to 3000/-","lumpsum","1","12000","12000","",""
"rinki_2023_10_07_v1","RINKI","Furniture","9","Cafeteria","9D","A","wooden storage below the sink's granite counter and Over head Storage","below_storage","Wooden storage below counter",,"Made of 19mm thick ply/blockboard/HDHMR with laminate finish bith side with required fittings (SIZE - 6' wide x 3' high x 2' Depth)","sqft","36","1000","36000","",""
"rinki_2023_10_07_v1","RINKI","Furniture","9","Cafeteria","9D","B","granite top for 2 slab","granite_top","Granite counter top",,"19mm thick granite top with required fixing labour and material. Granite base rate - 150/- sq ft","sqft","50","300","15000","",""
"rinki_2023_10_07_v1","RINKI","Furniture","9","Cafeteria","9D","C","pantry wall tile above slab (2' high) to upper head storage + wall tiles behind the refrigerator and WD (up to 5' high)","pantry_wall_tile","Pantry wall tiles",,"Providing Fixing of (2'x2', 12""x18"", 12""x12"" ) vitrified Tile with labour and required fixing material. (Make - Somani,Kajaria,vamoura,same as other brand)","sqft","150","150","22500","","Kajaria; Somani"
"rinki_2023_10_07_v1","RINKI","Furniture","9","Cafeteria","9D","D","sink + mixture and required plumbing installation labour and their material","sink_mixer","Sink, mixer and plumbing",,"sink cost - up to 5000/- wall mixture - up to 3000/-","lumpsum","1","12000","12000","",""
"rinki_2023_10_07_v1","RINKI","Furniture","9","Cafeteria","9D","F","pantry's stools","pantry_s_stools","pantry's stools",,"up to 3000/-per pcs","pcs","6","3000","18000","",""
"rinki_2023_10_07_v1","RINKI","Furniture","9","Workstation Area","9E","A","workstation's table with laminate finish top (size - 3.5' wide x 2' depth )","workstation","Workstation",,"made of powder coated MS frame structure (internal) with wooden laminted top.","pcs","53","7000","371000","",""
"rinki_2023_10_07_v1","RINKI","Furniture","9","Workstation Area","9E","B","workstation's chair","office_chair","Office / workstation chair",,"up to 4500/- per seat","pcs","53","4500","238500","",""
"rinki_2023_10_07_v1","RINKI","Furniture","9","Workstation Area","9E","D","low height division storage (5 feet wide x 4 feet high x 1 feet deep)","low_height_division_storage_5_feet_wide_x_4_feet","low height division storage (5 feet wide x 4 feet high x 1 feet deep)",,"structure made of MS and box made of wooden. As/design","pcs","6","15000","90000","",""
"rinki_2023_10_07_v1","RINKI","Furniture","9","Workstation Area","9E","E","2 sofa seat for informal area","2_sofa_seat_for_informal_area","2 sofa seat for informal area",,"as/3d design","pcs","2","10000","20000","",""
"rinki_2023_10_07_v1","RINKI","Furniture","9","Workstation Area","9E","F","Wall Display Storage (8 feet high x 8 feet wide)","wall_display_storage_8_feet_high_x_8_feet_wide","Wall Display Storage (8 feet high x 8 feet wide)",,"made of MS pipe with wooden planter as/design","sqft","64","1000","64000","",""
"rinki_2023_10_07_v1","RINKI","Furniture","9","Cabin","9G","A","boss's table + side table storage (size - 5' wide x 3' depth x 2.5 feet high )","side_table","Side table",,"made of powder coated MS frame(internal) with wooden laminted top with laquered glass","pcs","3","27500","82500","",""
"rinki_2023_10_07_v1","RINKI","Furniture","9","Cabin","9G","B","Cabin's head chair","cabin_chair","Cabin / director chair",,"up to 7500/- per seat","pcs","3","7500","22500","",""
"rinki_2023_10_07_v1","RINKI","Furniture","9","Cabin","9G","C","Cabin's visitor chair","visitor_chair","Visitor chair",,"up to 4500/- per seat","pcs","6","4500","27000","23'(L)x13'(W)=299",""
"rinki_2023_10_07_v1","RINKI","Furniture","9","Cabin","9H","A","workstation's table with laminate finish top (size - 3.5' wide x 2' depth )","workstation","Workstation",,"made of powder coated MS frame structure (internal) with wooden laminted top.","pcs","6","7000","42000","",""
"rinki_2023_10_07_v1","RINKI","Furniture","9","Cabin","9H","B","workstation's chair","office_chair","Office / workstation chair",,"up to 4500/- per seat","pcs","6","4500","27000","",""
"rinki_2023_10_07_v1","RINKI","Furniture","9","Executive Director Cabin","9I","A","cabin's table with laminate finish top (size - 6' wide x 3' depth )","cabin_s_table_with_laminate_finish_top_size_6_wi","cabin's table with laminate finish top (size - 6' wide x 3' depth )",,"made of 19mm thick commerical plywood with laminate finish top.","pcs","1","22500","22500","",""
"rinki_2023_10_07_v1","RINKI","Furniture","9","Executive Director Cabin","9I","B","Low height storage (size - 3' wide x 2.5' high x 18"" deep )","low_height_storage_size_3_wide_x_2_5_high_x_18_d","Low height storage (size - 3' wide x 2.5' high x 18"" deep )",,"made of 19mm thick commerical plywood with laminate finish with two drawer + one shutter below","pcs","1","7500","7500","23'(L)x13'(W)=300",""
"rinki_2023_10_07_v1","RINKI","Furniture","9","Executive Director Cabin","9I","C","Director's chair","cabin_chair","Cabin / director chair",,"up to 10000/- per seat","pcs","1","10000","10000","",""
"rinki_2023_10_07_v1","RINKI","Furniture","9","Executive Director Cabin","9I","D","visitor chair","visitor_chair","Visitor chair",,"up to 4500/- per seat","pcs","3","4500","13500","23'(L)x13'(W)=299",""
"rinki_2023_10_07_v1","RINKI","Furniture","9","Executive Director Cabin","9I","E","sofa set","waiting_sofa","Waiting / lounge sofa",,"as/design","pcs","2","10000","20000","23'(L)x13'(W)=300",""
"rinki_2023_10_07_v1","RINKI","Furniture","9","Director Cabin","9J","A","cabin's table with laminate finish top (size - 7' wide x 3' depth )","cabin_s_table_with_laminate_finish_top_size_7_wi","cabin's table with laminate finish top (size - 7' wide x 3' depth )",,"made of 19mm thick commerical plywood with laminate finish top.","pcs","1","25000","25000","",""
"rinki_2023_10_07_v1","RINKI","Furniture","9","Director Cabin","9J","B","Low height storage (size - 4' wide x 2.5' high x 18"" deep )","low_height_storage_size_4_wide_x_2_5_high_x_18_d","Low height storage (size - 4' wide x 2.5' high x 18"" deep )",,"made of 19mm thick commerical plywood with laminate finish with two drawer + one shutter below","pcs","1","10000","10000","23'(L)x13'(W)=300",""
"rinki_2023_10_07_v1","RINKI","Furniture","9","Director Cabin","9J","C","Director's chair","cabin_chair","Cabin / director chair",,"up to 10000/- per seat","pcs","1","10000","10000","",""
"rinki_2023_10_07_v1","RINKI","Furniture","9","Director Cabin","9J","D","visitor chair","visitor_chair","Visitor chair",,"up to 4500/- per seat","pcs","3","4500","13500","23'(L)x13'(W)=299",""
"rinki_2023_10_07_v1","RINKI","Furniture","9","Director Cabin","9J","E","sofa set","waiting_sofa","Waiting / lounge sofa",,"as/design","pcs","3","10000","30000","23'(L)x13'(W)=300",""
"rinki_2023_10_07_v1","RINKI","Furniture","9","Director Cabin","9J","F","Coffee table (3' x 3' )","coffee_table","Coffee table",,"as/design","pcs","2","7500","15000","",""
"rinki_2023_10_07_v1","RINKI","Furniture","9","Director Cabin","9J","G","Table's Back Wall Storage (8' high x 6.5' wide)","wall_storage","Wall storage",,"as/design","sqft","52","1000","52000","",""
"rinki_2023_10_07_v1","RINKI","Furniture","9","Director Cabin","9K","A","Director's table with laminate finish top (size - 7' wide x 3' depth )","director_table","Director / MD table",,"made of powder coated MS frame(internal) with wooden laminted top with laquered glass","pcs","1","25000","25000","",""
"rinki_2023_10_07_v1","RINKI","Furniture","9","Director Cabin","9K","B","Low height storage (size - 3' wide x 2.5' high x 18"" deep )","low_height_storage_size_3_wide_x_2_5_high_x_18_d","Low height storage (size - 3' wide x 2.5' high x 18"" deep )",,"made of 19mm thick commerical plywood with laminate finish with two drawer + one shutter below","pcs","1","7500","7500","23'(L)x13'(W)=300",""
"rinki_2023_10_07_v1","RINKI","Furniture","9","Director Cabin","9K","C","Director's chair","cabin_chair","Cabin / director chair",,"up to 10000/- per seat","pcs","1","10000","10000","",""
"rinki_2023_10_07_v1","RINKI","Furniture","9","Director Cabin","9K","D","visitor chair","visitor_chair","Visitor chair",,"up to 4500/- per seat","pcs","3","4500","13500","23'(L)x13'(W)=299",""
"rinki_2023_10_07_v1","RINKI","Furniture","9","Director Cabin","9K","E","sofa set","waiting_sofa","Waiting / lounge sofa",,"as/design","pcs","3","10000","30000","23'(L)x13'(W)=300",""
"rinki_2023_10_07_v1","RINKI","Furniture","9","Director Cabin","9K","F","Coffee table (3' x 3' )","coffee_table","Coffee table",,"as/design","pcs","2","7500","15000","",""
"rinki_2023_10_07_v1","RINKI","Furniture","9","Director Cabin","9K","G","2 seater sofa","waiting_sofa","Waiting / lounge sofa",,"as/design","sqft","2","10000","20000","",""
"rinki_2023_10_07_v1","RINKI","Furniture","9","Director Cabin","9K","H","Wall Storage (8' high x 4' wide)","wall_storage","Wall storage",,"as/design","sqft","32","1000","32000","",""
"rinki_2023_10_07_v1","RINKI","Civil Work","10",,,"A","POP wall plaster and Exising Pop plaster or punning","plaster_work","Cement plaster",,"leveling and smmoth surface + piller","sqft","2000","30","60000","",""
"rinki_2023_10_07_v1","RINKI","Window Treatments","10",,,"B","Rollers Blinds (for external glazing glass)","window_blinds","Window / roller blinds",,"Make -winfab, vista, hightech ,same as other","sqft","600","150","90000","",""
"rinki_2023_10_07_v1","RINKI","System Integration","11",,,"A","CCTV fittings with 6 camera excluding TFT Screen","cctv_fittings_with_6_camera_excluding_tft_screen","CCTV fittings with 6 camera excluding TFT Screen",,"providing fitting and fixing of 6 CCTV camara with required DVR Box ,wiring, Night vision Camara. Without lcd Screen MAKE - CP plus","lumpsum","1","200000","200000","",""
"rinki_2023_10_07_v1","RINKI","System Integration","11",,,"B","HDMI cabling for 3 Director Cabin","hdmi_cabling_for_3_director_cabin","HDMI cabling for 3 Director Cabin",,"for LCD screen","",,,,"",""
"rinki_2023_10_07_v1","RINKI","System Integration","11",,,"C","KAT 6 wiring for Networking","kat_6_wiring_for_networking","KAT 6 wiring for Networking",,"For work station + cabins + other","",,,,"",""
"rinki_2023_10_07_v1","RINKI","System Integration","11",,,"D","Biometric punching machine with Fittings","biometric_punching_machine_with_fittings","Biometric punching machine with Fittings",,"500 person capacity","",,,,"",""
"rinki_2023_10_07_v1","RINKI","HVAC","12",,,"A","2 AIR HANDLING UNITS (AHU) 5000 CFM DS 4RD 50mm STATIC :- Make - (ZECO/edgtech) Supply, testing, of double skin air handling unit Casing of air handling unit shall be in double skin construction, inner skin Shall be construction out of 24 gauge plain GS sheet& outer skin in 24 gauge pre-plasticized GS sheet sand witched between 25mm thick Injected PU foam insulation of density not less than 40 kg/Cum and Inspection door, fan section complete with forward curved type centrifugal Fan, and 3 phase squirrel cage induction motor with belt drive drive packag,Coil section with multi row deep chilled and aluminum fins contraction having wall thickness of tubes not less 0.4 mm face velocity across cooling coil shall not exceed 500 FPM, filter section complete with 50 mm thick Washable synthetic fiber filter.","ahu_supply","AHU supply and installation",,"","sqft","3200","325","1040000","","Zeco"
"rinki_2023_10_07_v1","RINKI","HVAC","12",,,"B","2 CHILLED WATER PIPING : MAKE - (jindal) Suppling,installation,testing and commissioning of M S heavy C -class piping Insulation with closed cell insulation of 25 mm thick 32mm 3. Y-STRAINER FOR AHUs PIPE LINE : MAKE - (sant/flowell) Supply,installction,testing and commissioning of following ‘Y strainers for Air handling units 32mm 4. Suppling,installing,testing and commissioning of following Ball valves one With Y strainers and other without strainer for AHU Pipe line in let and out let 15mm dia 5. DUCTWORK/AIR TERMINALS : MAKE - (jindal/sail) Supply, fabrication, installation, and testing of sheet metal ducts complete. Hanging arrangement including check nuts in Accordance with the approved shop drawing and specifications etc. 0.63mm (24gauge) GSS 7 Supply & fixing of :- Diffuser with damper (300x300) 8 INSULACTION :- 6 mm Naital rubber (Aflex/accoflex) 9 FLEXIBLE CANVASS CONNECTION:- Supply, installation and testing of 125 MM deep ant vibration flexible Joint at the outlet of packaged unites 10 AHU machine motor starter panel 11 AHU machine installation charge 12 AHU machine transportation and lifting charge","ahu_supply","AHU supply and installation",,"","",,,,"","Jindal"
"rinki_2023_10_07_v1","RINKI","Fire Fighting","13",,,"A","Providing laying, jointly and testing of Heavy grade MS Pipe ISI Marked 1239 with special accessories such as tees, elbows, nut and bolts with welded joints including cutting & making iron clamps, bracket with metal fastener and painting with 2 Coats of synthetic paint etc. complete as required pipes. (Make :Jindal Hissa). - 65 MM DIA","ms_pipe","MS heavy grade fire pipe","Providing laying, jointly and testing of Heavy grade MS Pipe ISI Marked 1239 with special accessories such as tees, elbows, nut and bolts with welded joints including cutting & making iron clamps, bracket with metal fastener and painting with 2 Coats of synthetic paint etc. complete as required pipes. (Make :Jindal Hissa).","","mtr","6","1315","7890","",""
"rinki_2023_10_07_v1","RINKI","Fire Fighting","13",,,"B","Providing laying, jointly and testing of Heavy grade MS Pipe ISI Marked 1239 with special accessories such as tees, elbows, nut and bolts with welded joints including cutting & making iron clamps, bracket with metal fastener and painting with 2 Coats of synthetic paint etc. complete as required pipes. (Make :Jindal Hissa). - 50 MM DIA","ms_pipe","MS heavy grade fire pipe","Providing laying, jointly and testing of Heavy grade MS Pipe ISI Marked 1239 with special accessories such as tees, elbows, nut and bolts with welded joints including cutting & making iron clamps, bracket with metal fastener and painting with 2 Coats of synthetic paint etc. complete as required pipes. (Make :Jindal Hissa).","","mtr","12","825","9900","",""
"rinki_2023_10_07_v1","RINKI","Fire Fighting","13",,,"C","Providing laying, jointly and testing of Heavy grade MS Pipe ISI Marked 1239 with special accessories such as tees, elbows, nut and bolts with welded joints including cutting & making iron clamps, bracket with metal fastener and painting with 2 Coats of synthetic paint etc. complete as required pipes. (Make :Jindal Hissa). - 25 MM DIA","ms_pipe","MS heavy grade fire pipe","Providing laying, jointly and testing of Heavy grade MS Pipe ISI Marked 1239 with special accessories such as tees, elbows, nut and bolts with welded joints including cutting & making iron clamps, bracket with metal fastener and painting with 2 Coats of synthetic paint etc. complete as required pipes. (Make :Jindal Hissa).","","mtr","48","525","25200","",""
"rinki_2023_10_07_v1","RINKI","Fire Fighting","13",,,"9","MS door frame 1200x2100 door capable of accommodating fire hose reel, landing valve, hose pipes, fittings & accessories. The door shall have a front glass with lock and key arrangement & shall be painted with post office red colour (approval shall be taken on the basis of submitted sample before ordering) Cost of fire extinguishers not included in item rate. (Liasioing with civil contractor for making 1200x600x2100 Recessed type mansoary box (by civil contractor).","fire_extinguisher","Fire extinguisher","Providing laying, jointly and testing of Heavy grade MS Pipe ISI Marked 1239 with special accessories such as tees, elbows, nut and bolts with welded joints including cutting & making iron clamps, bracket with metal fastener and painting with 2 Coats of synthetic paint etc. complete as required pipes. (Make :Jindal Hissa).","Each","5","11500","57500","661250000","",""
"rinki_2023_10_07_v1","RINKI","Fire Fighting","13",,,"A","Providing & fixing cast iron Butterfly Valve Complete with MS flange nuts and bolts rubber insertion as required ISI make. (Make : Kartar/ Zoloto). - 65mm bore","butterfly_valve","Cast iron butterfly valve","Providing & fixing cast iron Butterfly Valve Complete with MS flange nuts and bolts rubber insertion as required ISI make. (Make : Kartar/ Zoloto).","","pcs","1","3725","3725","",""
"rinki_2023_10_07_v1","RINKI","Fire Fighting","13",,,"13C","P/F S.S Flexable Pipe 1000mm For Sprinklers Pipe Adjust Ceiling Lable as Per Direction with Accessories Complete in all respect. (Make-H.D/ Tyco)","downward_sprinkler","Ceiling downward flexible sprinkler","Providing & fixing cast iron Butterfly Valve Complete with MS flange nuts and bolts rubber insertion as required ISI make. (Make : Kartar/ Zoloto).","","pcs","18","2695","48510","","Tyco"
"rinki_2023_10_07_v1","RINKI","Fire Fighting","13",,,"17","Providing & fixing mechanical foam type fire extinguisher 9 ltrs. (ISI marked. (Make: Guarsd / Safe Guards/ Life Guards/ Lightex/ Superex/ Safex).","fire_extinguisher","Fire extinguisher","Providing & fixing cast iron Butterfly Valve Complete with MS flange nuts and bolts rubber insertion as required ISI make. (Make : Kartar/ Zoloto).","EACH","pcs","2875",,,"",""
"rinki_2023_10_07_v1","RINKI","Fire Fighting","13",,,"18","Providing & fixing of water pressure gas type fire extinguishers of 6 ltr. Capacity complete with initial charges and ISI Marked. (Make: Guarsd / Safe Guards/ Life Guards/ Lightex/ Superex/ Safex).","fire_extinguisher","Fire extinguisher","Providing & fixing cast iron Butterfly Valve Complete with MS flange nuts and bolts rubber insertion as required ISI make. (Make : Kartar/ Zoloto).","EACH","pcs","2475",,,"",""
"rinki_2023_10_07_v1","RINKI","Fire Fighting","13",,,"25","P/F Terraces Pump Panel 16 Gauge Complete in all respect.","p_f_terraces_pump_panel_16_gauge_complete_in_all","P/F Terraces Pump Panel 16 Gauge Complete in all respect.","Providing & fixing cast iron Butterfly Valve Complete with MS flange nuts and bolts rubber insertion as required ISI make. (Make : Kartar/ Zoloto).","SET.","pcs","12500",,,"",""
"rinki_2023_10_07_v1","RINKI","Fire Fighting","13",,,"26","Providing, laying, testing and commissioning of MS heavy Grade ERW pipes for underground applications confirming to IS: 1239 / IS : 3589 with necessary flanges and fittings such as elbows and as elbows and tees with a primer coat along with wrapping and coating of pipe PYPCOYE 4 mm thick conforming to IS:10221. If required excavation all the type soils refilling the trenches to same finish. Holidays test shall be curried out to check for proper workmanship on the laying of all underground piping.(MAKE ; PIPE COATE)","providing_laying_testing_and_commissioning_of_ms","Providing, laying, testing and commissioning of MS heavy Grade ERW pipes for und","Providing & fixing cast iron Butterfly Valve Complete with MS flange nuts and bolts rubber insertion as required ISI make. (Make : Kartar/ Zoloto).","","pcs",,,,"",""
"rinki_2023_10_07_v1","RINKI","Fire Fighting","13",,,"13D","Providing & Fixing 15 mm dia gun metal (Pendent Type) sprinkle head with quartz bulb complete with all respect (Make : H.D/ Y- King / TYOCO)","upside_sprinkler","Upright sprinkler","Providing & fixing cast iron Butterfly Valve Complete with MS flange nuts and bolts rubber insertion as required ISI make. (Make : Kartar/ Zoloto).","","pcs","25","700","17500","",""
"rinki_2023_10_07_v1","RINKI","Fire Fighting","13",,,"23","Providing testing and commissioning of the installation control valve including with following fittings, (Make : Kirloskar).","providing_testing_and_commissioning_of_the_insta","Providing testing and commissioning of the installation control valve including","Providing & fixing cast iron Butterfly Valve Complete with MS flange nuts and bolts rubber insertion as required ISI make. (Make : Kartar/ Zoloto).","","pcs","25","15625","390625","","Kirloskar"
"rinki_2023_10_07_v1","RINKI","Fire Fighting","13",,,"23","Providing & fixing double flanged flexicon expansion joint with unit control of standard length as per maufacturers specs tested to a pressure of 20Kg/Sqcm including rubber gaskets, flanges, nuts, bolts and washers complete as required.","providing_fixing_double_flanged_flexicon_expansi","Providing & fixing double flanged flexicon expansion joint with unit control of","Providing & fixing cast iron Butterfly Valve Complete with MS flange nuts and bolts rubber insertion as required ISI make. (Make : Kartar/ Zoloto).","","pcs","25","15625","390625","",""
"rinki_2023_10_07_v1","RINKI","Fire Fighting","13",,,"32","Providing, fixing, testing & commissioning of MS air cushion tank on top of each riser fabricated from 8mm thick MS plate,250 mm in diameter and 1.2 m in height with dished ends fabricated from 10mm thick MS sheet,2coats of synthetic enamel paint over a coat of primer with Air release valve with stop cock, flanged inlet connection and drain arrangement with 25mm dia valve, pressure guage with gun metal stop cock complete with all accessories as required.","ms_pipe","MS heavy grade fire pipe","Providing & fixing cast iron Butterfly Valve Complete with MS flange nuts and bolts rubber insertion as required ISI make. (Make : Kartar/ Zoloto).","Each","pcs","25","15625","390625","",""
"rinki_2023_10_07_v1","RINKI","Fire Fighting","13",,,"32","Providing & Fixing Nipple Down Complete in all respect.","providing_fixing_nipple_down_complete_in_all_res","Providing & Fixing Nipple Down Complete in all respect.","Providing & fixing cast iron Butterfly Valve Complete with MS flange nuts and bolts rubber insertion as required ISI make. (Make : Kartar/ Zoloto).","","pcs","25","15625","390625","",""
"rinki_2023_10_07_v1","RINKI","Fire Fighting","13",,,"37","Providing & Fixing of installation control valve with turbine type automatic Alarm Gong to be connected with control valve, drain & test valve all flanged connections as per manufacturer's specifications complete. (Make : Kirloskar)","providing_fixing_of_installation_control_valve_w","Providing & Fixing of installation control valve with turbine type automatic Ala","Providing & fixing cast iron Butterfly Valve Complete with MS flange nuts and bolts rubber insertion as required ISI make. (Make : Kartar/ Zoloto).","","pcs","25","15625","390625","","Kirloskar"
"rinki_2023_10_07_v1","RINKI","Fire Fighting","13",,,"22","Providing and fixing inspectors test assembly complete with test valve, sight glass sectional drain valve, union with corrosion resistant orifice all complete strictly as per drawing. (Make: Zoloto)","providing_and_fixing_inspectors_test_assembly_co","Providing and fixing inspectors test assembly complete with test valve, sight gl","Providing & fixing cast iron Butterfly Valve Complete with MS flange nuts and bolts rubber insertion as required ISI make. (Make : Kartar/ Zoloto).","","pcs","25","15625","390625","","Zoloto"
"rinki_2023_10_07_v1","RINKI","Fire Fighting","13",,,"31","Supply, Erection, Testing & commissioniing of firemans axe with heavy rubber handle .","supply_erection_testing_commissioniing_of_firema","Supply, Erection, Testing & commissioniing of firemans axe with heavy rubber han","Providing & fixing cast iron Butterfly Valve Complete with MS flange nuts and bolts rubber insertion as required ISI make. (Make : Kartar/ Zoloto).","Each","pcs","25","15625","390625","",""
"rinki_2023_10_07_v1","RINKI","Alarm System","14",,,"A","Providing & fixing ISI marked fire extinguishers of ABC type of 4 Kg. capacities complete with horn and value with initial charge as required. ISI mark. (Make: Guarsd / Safe Guards/ Life Guards/ Lightex/ Superex/ Safex).","fire_extinguisher","Fire extinguisher",,"","pcs","4","2500","10000","",""
"rinki_2023_10_07_v1","RINKI","Alarm System","14",,,"B","Supplying and drawing of PVC insulated Copper conductor 2C 1.5 sq. mm including terminating connection etc. as required (Make : Polycap).","supplying_and_drawing_of_pvc_insulated_copper_co","Supplying and drawing of PVC insulated Copper conductor 2C 1.5 sq. mm including",,"","mtr","410","160","65600","",""
"rinki_2023_10_07_v1","RINKI","Alarm System","14",,,"C","Providing & fixing manual call box 16 guage in 100 x 100 mm enclosure with arrangement to raise the alarm when the glazz in manually broken complete as required including hammer. ( Make : Agni Protection).","ms_pipe","MS heavy grade fire pipe",,"","pcs","2","1050","2100","","Agni"
"rinki_2023_10_07_v1","RINKI","Alarm System","14",,,"D","Providing & fixing of DUAL / tone electric fire hooter suitable for wall mounting inside the building for localized warming range of hooter shall be 80 dB to 120 dB. ( Make : Agni Protection).","providing_fixing_of_dual_tone_electric_fire_hoot","Providing & fixing of DUAL / tone electric fire hooter suitable for wall mountin",,"","pcs","2","1050","2100","","Agni"
"rinki_2023_10_07_v1","RINKI","Alarm System","14",,,"E","P/F Heat Detectors with base Complete in all respect. (Make: Agni Protection)","p_f_heat_detectors_with_base_complete_in_all_res","P/F Heat Detectors with base Complete in all respect. (Make: Agni Protection)",,"","pcs","18","1995","35910","","Agni"
"rinki_2023_10_07_v1","RINKI","Alarm System","14",,,"F","P/F Smoke Detectors with base Complete in all respect. (Make: Agni Protection)","p_f_smoke_detectors_with_base_complete_in_all_re","P/F Smoke Detectors with base Complete in all respect. (Make: Agni Protection)",,"","pcs","18","2200","39600","","Agni"
